date,factor_name,rolling_60d_mean_rank_ic
2024-07-03,momentum_20,
2024-07-04,momentum_20,
2024-07-05,momentum_20,
2024-07-08,momentum_20,
2024-07-09,momentum_20,
2024-07-10,momentum_20,
2024-07-11,momentum_20,
2024-07-12,momentum_20,
2024-07-15,momentum_20,
2024-07-16,momentum_20,
2024-07-17,momentum_20,
2024-07-18,momentum_20,
2024-07-19,momentum_20,
2024-07-22,momentum_20,
2024-07-23,momentum_20,
2024-07-24,momentum_20,
2024-07-25,momentum_20,
2024-07-26,momentum_20,
2024-07-29,momentum_20,
2024-07-30,momentum_20,
2024-07-31,momentum_20,
2024-08-01,momentum_20,
2024-08-02,momentum_20,
2024-08-05,momentum_20,
2024-08-06,momentum_20,
2024-08-07,momentum_20,
2024-08-08,momentum_20,
2024-08-09,momentum_20,
2024-08-12,momentum_20,
2024-08-13,momentum_20,-0.027198671800241027
2024-08-14,momentum_20,-0.01383407665567566
2024-08-15,momentum_20,-0.012445129107124572
2024-08-16,momentum_20,-0.01784439577729513
2024-08-19,momentum_20,-0.02003341210542071
2024-08-20,momentum_20,-0.014759087335508373
2024-08-21,momentum_20,-0.010034088805406623
2024-08-22,momentum_20,-0.007088580702465589
2024-08-23,momentum_20,-0.01021865130422327
2024-08-26,momentum_20,-0.009418024843389208
2024-08-27,momentum_20,-0.013389044044275818
2024-08-28,momentum_20,-0.018582853090440766
2024-08-29,momentum_20,-0.023089952415676122
2024-08-30,momentum_20,-0.0271198208338839
2024-09-02,momentum_20,-0.03153161913776459
2024-09-03,momentum_20,-0.03012169663210268
2024-09-04,momentum_20,-0.028112311261945303
2024-09-05,momentum_20,-0.024742583960495203
2024-09-06,momentum_20,-0.027164937437214907
2024-09-09,momentum_20,-0.029918216469401644
2024-09-10,momentum_20,-0.030529144367542917
2024-09-11,momentum_20,-0.030022059665760492
2024-09-12,momentum_20,-0.032156476284466474
2024-09-13,momentum_20,-0.03554372044603484
2024-09-18,momentum_20,-0.04136859309051452
2024-09-19,momentum_20,-0.04424608987425545
2024-09-20,momentum_20,-0.05047128724894987
2024-09-23,momentum_20,-0.05478118528785921
2024-09-24,momentum_20,-0.05769409446391189
2024-09-25,momentum_20,-0.061818269272375506
2024-09-26,momentum_20,-0.06322138496108386
2024-09-27,momentum_20,-0.06828342596620005
2024-09-30,momentum_20,-0.0689528426690514
2024-10-08,momentum_20,-0.07867395075207259
2024-10-09,momentum_20,-0.08743969109076125
2024-10-10,momentum_20,-0.09306640986337669
2024-10-11,momentum_20,-0.09127164940600224
2024-10-14,momentum_20,-0.08814348324592118
2024-10-15,momentum_20,-0.08743427276623414
2024-10-16,momentum_20,-0.08695301643391398
2024-10-17,momentum_20,-0.08403653069068051
2024-10-18,momentum_20,-0.0851492098048794
2024-10-21,momentum_20,-0.08761157773077315
2024-10-22,momentum_20,-0.08705795202517176
2024-10-23,momentum_20,-0.0902078289972372
2024-10-24,momentum_20,-0.08939186431349135
2024-10-25,momentum_20,-0.08817786807669875
2024-10-28,momentum_20,-0.08891060798117119
2024-10-29,momentum_20,-0.08817424960803469
2024-10-30,momentum_20,-0.08726420473902326
2024-10-31,momentum_20,-0.08647718780458992
2024-11-01,momentum_20,-0.08712670292978893
2024-11-04,momentum_20,-0.09007756412533098
2024-11-05,momentum_20,-0.0988885353223204
2024-11-06,momentum_20,-0.10289515711997564
2024-11-07,momentum_20,-0.10835918954145488
2024-11-08,momentum_20,-0.11428921448835913
2024-11-11,momentum_20,-0.12062349644842897
2024-11-12,momentum_20,-0.1294314643164272
2024-11-13,momentum_20,-0.13728227485340797
2024-11-14,momentum_20,-0.14542162208166098
2024-11-15,momentum_20,-0.14752641293417218
2024-11-18,momentum_20,-0.14690056259403614
2024-11-19,momentum_20,-0.14612320697093584
2024-11-20,momentum_20,-0.1447044054077574
2024-11-21,momentum_20,-0.1475347919235271
2024-11-22,momentum_20,-0.1506646225791936
2024-11-25,momentum_20,-0.14980358034761782
2024-11-26,momentum_20,-0.1455721069071778
2024-11-27,momentum_20,-0.1464273052924659
2024-11-28,momentum_20,-0.1409240124859816
2024-11-29,momentum_20,-0.13118407182886768
2024-12-02,momentum_20,-0.12117857175649832
2024-12-03,momentum_20,-0.11406033065805446
2024-12-04,momentum_20,-0.1127199536634874
2024-12-05,momentum_20,-0.11756819508771668
2024-12-06,momentum_20,-0.1210488724650506
2024-12-09,momentum_20,-0.1264869604662085
2024-12-10,momentum_20,-0.1276043883603211
2024-12-11,momentum_20,-0.12598646152674833
2024-12-12,momentum_20,-0.12416239147319501
2024-12-13,momentum_20,-0.1265131658254891
2024-12-16,momentum_20,-0.12589936498600438
2024-12-17,momentum_20,-0.1219580927324221
2024-12-18,momentum_20,-0.116730454868766
2024-12-19,momentum_20,-0.11308864708182141
2024-12-20,momentum_20,-0.10654102803420237
2024-12-23,momentum_20,-0.09875849800091246
2024-12-24,momentum_20,-0.09173714903579452
2024-12-25,momentum_20,-0.08682728509021627
2024-12-26,momentum_20,-0.08830032749866903
2024-12-27,momentum_20,-0.08623751088266092
2024-12-30,momentum_20,-0.09084226555048548
2024-12-31,momentum_20,-0.08646413557509107
2025-01-02,momentum_20,-0.08556577835986458
2025-01-03,momentum_20,-0.09146420794446435
2025-01-06,momentum_20,-0.10480933748564253
2025-01-07,momentum_20,-0.11762023631325867
2025-01-08,momentum_20,-0.1276684466348212
2025-01-09,momentum_20,-0.13290914717035457
2025-01-10,momentum_20,-0.13757038613402514
2025-01-13,momentum_20,-0.13609629436965984
2025-01-14,momentum_20,-0.12372652305687938
2025-01-15,momentum_20,-0.11773665476913875
2025-01-16,momentum_20,-0.11585145428862
2025-01-17,momentum_20,-0.11718156718484234
2025-01-20,momentum_20,-0.1124143432740014
2025-01-21,momentum_20,-0.11719231731036786
2025-01-22,momentum_20,-0.12517393548955444
2025-01-23,momentum_20,-0.12811824725681453
2025-01-24,momentum_20,-0.12937403680667703
2025-01-27,momentum_20,-0.13266398470072824
2025-02-05,momentum_20,-0.12872680131673636
2025-02-06,momentum_20,-0.11836853673430765
2025-02-07,momentum_20,-0.1115173771708994
2025-02-10,momentum_20,-0.0986321125869863
2025-02-11,momentum_20,-0.09269843911759855
2025-02-12,momentum_20,-0.08667633027406113
2025-02-13,momentum_20,-0.08304027585229243
2025-02-14,momentum_20,-0.08092122823324481
2025-02-17,momentum_20,-0.07982088809719039
2025-02-18,momentum_20,-0.08344673843732645
2025-02-19,momentum_20,-0.08546884728086385
2025-02-20,momentum_20,-0.08730218061419719
2025-02-21,momentum_20,-0.09653007177065978
2025-02-24,momentum_20,-0.10523670218932342
2025-02-25,momentum_20,-0.10770779062469754
2025-02-26,momentum_20,-0.11316867497843905
2025-02-27,momentum_20,-0.11339826681517375
2025-02-28,momentum_20,-0.1087179947063302
2025-03-03,momentum_20,-0.10819078382197646
2025-03-04,momentum_20,-0.10847309674714654
2025-03-05,momentum_20,-0.11111255252945945
2025-03-06,momentum_20,-0.11363135810901492
2025-03-07,momentum_20,-0.11078441933350472
2025-03-10,momentum_20,-0.11070788872125982
2025-03-11,momentum_20,-0.11302263592325172
2025-03-12,momentum_20,-0.11695479236683355
2025-03-13,momentum_20,-0.12185955427159546
2025-03-14,momentum_20,-0.12580003046207164
2025-03-17,momentum_20,-0.13197520053009887
2025-03-18,momentum_20,-0.13639186719676552
2025-03-19,momentum_20,-0.13899390801309205
2025-03-20,momentum_20,-0.14418450607585637
2025-03-21,momentum_20,-0.14747192104184276
2025-03-24,momentum_20,-0.1473256625384414
2025-03-25,momentum_20,-0.14946001627993802
2025-03-26,momentum_20,-0.1532661387289176
2025-03-27,momentum_20,-0.15536988022551623
2025-03-28,momentum_20,-0.15496171696021008
2025-03-31,momentum_20,-0.1507117169602101
2025-04-01,momentum_20,-0.1455365468921829
2025-04-02,momentum_20,-0.1361726013139516
2025-04-03,momentum_20,-0.12800763532755705
2025-04-07,momentum_20,-0.13229675097381552
2025-04-08,momentum_20,-0.13477464213027812
2025-04-09,momentum_20,-0.12941239723231895
2025-04-10,momentum_20,-0.12238178498742099
2025-04-11,momentum_20,-0.11009924263517386
2025-04-14,momentum_20,-0.10559414059435751
2025-04-15,momentum_20,-0.10276934897254152
2025-04-16,momentum_20,-0.10678295441471837
2025-04-17,momentum_20,-0.11401424693172518
2025-04-18,momentum_20,-0.11726934897254153
2025-04-21,momentum_20,-0.11500825476497226
2025-04-22,momentum_20,-0.11506947925476818
2025-04-23,momentum_20,-0.11795726676642067
2025-04-24,momentum_20,-0.11637121630799602
2025-04-25,momentum_20,-0.1147268135043347
2025-04-28,momentum_20,-0.12091899037508298
2025-04-29,momentum_20,-0.12533565704174968
2025-04-30,momentum_20,-0.12513497676964083
2025-05-06,momentum_20,-0.12584075908256598
2025-05-07,momentum_20,-0.13139274920843763
2025-05-08,momentum_20,-0.13053472509837652
2025-05-09,momentum_20,-0.12777274987702145
2025-05-12,momentum_20,-0.12033227368654525
2025-05-13,momentum_20,-0.11141050497906228
2025-05-14,momentum_20,-0.10402274987702145
2025-05-15,momentum_20,-0.09849970181638744
2025-05-16,momentum_20,-0.09678371542182962
2025-05-19,momentum_20,-0.09801160657829219
2025-05-20,momentum_20,-0.09280922562591125
2025-05-21,momentum_20,-0.0836272528367956
2025-05-22,momentum_20,-0.07252503290100738
2025-05-23,momentum_20,-0.06272911453366044
2025-05-26,momentum_20,-0.05787707371733392
2025-05-27,momentum_20,-0.05421811013189974
2025-05-28,momentum_20,-0.05628514092034872
2025-05-29,momentum_20,-0.06117179558221346
2025-05-30,momentum_20,-0.06632275596636712
2025-06-03,momentum_20,-0.07327023495796375
2025-06-04,momentum_20,-0.07663618133651519
2025-06-05,momentum_20,-0.07395861421016524
2025-06-06,momentum_20,-0.0683001508248111
2025-06-09,momentum_20,-0.05707596114894076
2025-06-10,momentum_20,-0.05152431918904569
2025-06-11,momentum_20,-0.04770170656299086
2025-06-12,momentum_20,-0.04532285502237462
2025-06-13,momentum_20,-0.0458428630255759
2025-06-16,momentum_20,-0.04676093025246665
2025-06-17,momentum_20,-0.04631425158099807
2025-06-18,momentum_20,-0.04586617234930539
2025-06-19,momentum_20,-0.04013885960066675
2025-06-20,momentum_20,-0.04077811530294766
2025-06-23,momentum_20,-0.044695582289742374
2025-06-24,momentum_20,-0.042136258560250585
2025-06-25,momentum_20,-0.04719402607581897
2025-06-26,momentum_20,-0.05427235740835198
2025-06-27,momentum_20,-0.05858467860920709
2025-06-30,momentum_20,-0.0652035261482227
2025-07-01,momentum_20,-0.07111779185450522
2025-07-02,momentum_20,-0.07592641530388496
2025-07-03,momentum_20,-0.08524024083409705
2025-07-04,momentum_20,-0.08286339009380092
2025-07-07,momentum_20,-0.07419776297041114
2025-07-08,momentum_20,-0.07066484980514504
2025-07-09,momentum_20,-0.0729001439227921
2025-07-10,momentum_20,-0.07815884740418465
2025-07-11,momentum_20,-0.07675138441899058
2025-07-14,momentum_20,-0.07282707640095064
2025-07-15,momentum_20,-0.065667232709101
2025-07-16,momentum_20,-0.06234900541818464
2025-07-17,momentum_20,-0.059479257519024976
2025-07-18,momentum_20,-0.05875566808325066
2025-07-21,momentum_20,-0.056148325146075796
2025-07-22,momentum_20,-0.05595911706619601
2025-07-23,momentum_20,-0.05120763314729951
2025-07-24,momentum_20,-0.04255951894415812
2025-07-25,momentum_20,-0.030042312061405018
2025-07-28,momentum_20,-0.018393652597619506
2025-07-29,momentum_20,-0.013064420904942435
2025-07-30,momentum_20,-0.011033308459964444
2025-07-31,momentum_20,-0.0077375208150851785
2025-08-01,momentum_20,-0.006038441183232438
2025-08-04,momentum_20,-0.007766631637125032
2025-08-05,momentum_20,-0.009054146643127432
2025-08-06,momentum_20,-0.011220515631386853
2025-08-07,momentum_20,-0.014515933798653758
2025-08-08,momentum_20,-0.01939002227545424
2025-08-11,momentum_20,-0.01882769734548225
2025-08-12,momentum_20,-0.017204448045762363
2025-08-13,momentum_20,-0.02016019769138336
2025-08-14,momentum_20,-0.026256036026717493
2025-08-15,momentum_20,-0.028746811384674584
2025-08-18,momentum_20,-0.03198081929962667
2025-08-19,momentum_20,-0.03729522844684079
2025-08-20,momentum_20,-0.038050730647721145
2025-08-21,momentum_20,-0.035132759483121716
2025-08-22,momentum_20,-0.03267737733026057
2025-08-25,momentum_20,-0.028418073608771972
2025-08-26,momentum_20,-0.025330438554750364
2025-08-27,momentum_20,-0.026932679451108908
2025-08-28,momentum_20,-0.03811804969870734
2025-08-29,momentum_20,-0.04750420416049206
2025-09-01,momentum_20,-0.056568629930800175
2025-09-02,momentum_20,-0.057543419846766565
2025-09-03,momentum_20,-0.05335934621731478
2025-09-04,momentum_20,-0.047547421447406826
2025-09-05,momentum_20,-0.04210364633841008
2025-09-08,momentum_20,-0.03249180160051492
2025-09-09,momentum_20,-0.02347219375737767
2025-09-10,momentum_20,-0.018748704361619364
2025-09-11,momentum_20,-0.017380156942651777
2025-09-12,momentum_20,-0.013096843617321646
2025-09-15,momentum_20,-0.007782717967061541
2025-09-16,momentum_20,-0.005252105722163583
2025-09-17,momentum_20,0.0019837330218961946
2025-09-18,momentum_20,0.007992536543304759
2025-09-19,momentum_20,0.010288751301582837
2025-09-22,momentum_20,0.019315762105904567
2025-09-23,momentum_20,0.02309567407069048
2025-09-24,momentum_20,0.023055658064287922
2025-09-25,momentum_20,0.02710927951286735
2025-09-26,momentum_20,0.03544161244604062
2025-09-29,momentum_20,0.038863820456704466
2025-09-30,momentum_20,0.040621323457904944
2025-10-09,momentum_20,0.043632127779633635
2025-10-10,momentum_20,0.04076698172121027
2025-10-13,momentum_20,0.03752728584285893
2025-10-14,momentum_20,0.034029886883275094
2025-10-15,momentum_20,0.030386049593986476
2025-10-16,momentum_20,0.02395627768522297
2025-10-17,momentum_20,0.018037110018156142
2025-10-20,momentum_20,0.019525705456331414
2025-10-21,momentum_20,0.019946673843686355
2025-10-22,momentum_20,0.02210913882968075
2025-10-23,momentum_20,0.02306793902442971
2025-10-24,momentum_20,0.02232204066508597
2025-10-27,momentum_20,0.017392068676290458
2025-10-28,momentum_20,0.015943489244517748
2025-10-29,momentum_20,0.014488507251720626
2025-10-30,momentum_20,0.014482104690696218
2025-10-31,momentum_20,0.019187266470163652
2025-11-03,momentum_20,0.01838854698236853
2025-11-04,momentum_20,0.012994307554962566
2025-11-05,momentum_20,0.009019917799060202
2025-11-06,momentum_20,0.004013017479596534
2025-11-07,momentum_20,0.0010950502927217845
2025-11-10,momentum_20,0.0015312018569646553
2025-11-11,momentum_20,0.0023491290278330025
2025-11-12,momentum_20,-0.00137716148837348
2025-11-13,momentum_20,-0.003340379429787298
2025-11-14,momentum_20,-0.002431215764321111
2025-11-17,momentum_20,-0.0023239728671622475
2025-11-18,momentum_20,-9.086531235421884e-05
2025-11-19,momentum_20,0.0005654806095697929
2025-11-20,momentum_20,-0.0022836590462925518
2025-11-21,momentum_20,-0.00925924928238699
2025-11-24,momentum_20,-0.01607797677338339
2025-11-25,momentum_20,-0.020404507385628285
2025-11-26,momentum_20,-0.02361859301988199
2025-11-27,momentum_20,-0.02770342695345542
2025-11-28,momentum_20,-0.021171214068301355
2025-12-01,momentum_20,-0.016578144070814864
2025-12-02,momentum_20,-0.01435485475508857
2025-12-03,momentum_20,-0.015047931985980926
2025-12-04,momentum_20,-0.020045130865532747
2025-12-05,momentum_20,-0.02403072510322783
2025-12-08,momentum_20,-0.02678222330146026
2025-12-09,momentum_20,-0.034639766318667144
2025-12-10,momentum_20,-0.0393296422690473
2025-12-11,momentum_20,-0.043633763917706764
2025-12-12,momentum_20,-0.05020459636622882
2025-12-15,momentum_20,-0.051978105769990325
2025-12-16,momentum_20,-0.054347053349021936
2025-12-17,momentum_20,-0.054153375878033545
2025-12-18,momentum_20,-0.05360595691044651
2025-12-19,momentum_20,-0.05239584095895528
2025-12-22,momentum_20,-0.05255915136517355
2025-12-23,momentum_20,-0.06046251270971136
2025-12-24,momentum_20,-0.06790148829994745
2024-07-03,momentum_60,
2024-07-04,momentum_60,
2024-07-05,momentum_60,
2024-07-08,momentum_60,
2024-07-09,momentum_60,
2024-07-10,momentum_60,
2024-07-11,momentum_60,
2024-07-12,momentum_60,
2024-07-15,momentum_60,
2024-07-16,momentum_60,
2024-07-17,momentum_60,
2024-07-18,momentum_60,
2024-07-19,momentum_60,
2024-07-22,momentum_60,
2024-07-23,momentum_60,
2024-07-24,momentum_60,
2024-07-25,momentum_60,
2024-07-26,momentum_60,
2024-07-29,momentum_60,
2024-07-30,momentum_60,
2024-07-31,momentum_60,
2024-08-01,momentum_60,
2024-08-02,momentum_60,
2024-08-05,momentum_60,
2024-08-06,momentum_60,
2024-08-07,momentum_60,
2024-08-08,momentum_60,
2024-08-09,momentum_60,
2024-08-12,momentum_60,
2024-08-13,momentum_60,-0.032026779488528966
2024-08-14,momentum_60,-0.016898755979158513
2024-08-15,momentum_60,-0.0011188244357911402
2024-08-16,momentum_60,0.009994172480952858
2024-08-19,momentum_60,0.010396249321600166
2024-08-20,momentum_60,0.00952852942596534
2024-08-21,momentum_60,0.008989447512663873
2024-08-22,momentum_60,0.0037631361000209796
2024-08-23,momentum_60,-0.0065114085721268864
2024-08-26,momentum_60,-0.011432711096867535
2024-08-27,momentum_60,-0.015893419589528345
2024-08-28,momentum_60,-0.022445292064299495
2024-08-29,momentum_60,-0.02684233621350362
2024-08-30,momentum_60,-0.027861553813401642
2024-09-02,momentum_60,-0.03208991754043258
2024-09-03,momentum_60,-0.02915024387713721
2024-09-04,momentum_60,-0.025191484870463052
2024-09-05,momentum_60,-0.021784587394860676
2024-09-06,momentum_60,-0.017597963939440436
2024-09-09,momentum_60,-0.015777733134923325
2024-09-10,momentum_60,-0.015397046036271754
2024-09-11,momentum_60,-0.01242599040532547
2024-09-12,momentum_60,-0.012541917324198305
2024-09-13,momentum_60,-0.017790329685452876
2024-09-18,momentum_60,-0.022719720260824788
2024-09-19,momentum_60,-0.029331068969934017
2024-09-20,momentum_60,-0.040209353103690004
2024-09-23,momentum_60,-0.047706422980526485
2024-09-24,momentum_60,-0.05086296622903179
2024-09-25,momentum_60,-0.05303855583414921
2024-09-26,momentum_60,-0.05315146802052896
2024-09-27,momentum_60,-0.05238978036674405
2024-09-30,momentum_60,-0.04687523412271452
2024-10-08,momentum_60,-0.051611873436482276
2024-10-09,momentum_60,-0.05287290976590766
2024-10-10,momentum_60,-0.050899035109662184
2024-10-11,momentum_60,-0.044885140189992186
2024-10-14,momentum_60,-0.03658075460597134
2024-10-15,momentum_60,-0.03399080028172751
2024-10-16,momentum_60,-0.03582174542574257
2024-10-17,momentum_60,-0.03894629311715956
2024-10-18,momentum_60,-0.04374438256570493
2024-10-21,momentum_60,-0.049106953125843886
2024-10-22,momentum_60,-0.04878490941474242
2024-10-23,momentum_60,-0.04537269346453255
2024-10-24,momentum_60,-0.037024886256542974
2024-10-25,momentum_60,-0.032082058061435145
2024-10-28,momentum_60,-0.030223974402439627
2024-10-29,momentum_60,-0.02620023724800339
2024-10-30,momentum_60,-0.02116332886762996
2024-10-31,momentum_60,-0.01747972776761549
2024-11-01,momentum_60,-0.014990221326741267
2024-11-04,momentum_60,-0.010928490251332381
2024-11-05,momentum_60,-0.012754007692351339
2024-11-06,momentum_60,-0.013613900585678884
2024-11-07,momentum_60,-0.02267559547640113
2024-11-08,momentum_60,-0.033505780741996734
2024-11-11,momentum_60,-0.04835594627452763
2024-11-12,momentum_60,-0.05606118581715318
2024-11-13,momentum_60,-0.07110496928798833
2024-11-14,momentum_60,-0.08468070383712713
2024-11-15,momentum_60,-0.09112463428467671
2024-11-18,momentum_60,-0.09666031238570436
2024-11-19,momentum_60,-0.10367218096292247
2024-11-20,momentum_60,-0.1013421042513868
2024-11-21,momentum_60,-0.0973951673600447
2024-11-22,momentum_60,-0.09379855424671427
2024-11-25,momentum_60,-0.08564725504161187
2024-11-26,momentum_60,-0.07294425894955801
2024-11-27,momentum_60,-0.06700763713159422
2024-11-28,momentum_60,-0.06261029308759364
2024-11-29,momentum_60,-0.055633596025790204
2024-12-02,momentum_60,-0.05049280141007157
2024-12-03,momentum_60,-0.04707173535439784
2024-12-04,momentum_60,-0.04531269850666472
2024-12-05,momentum_60,-0.05145371023050319
2024-12-06,momentum_60,-0.05735836358120517
2024-12-09,momentum_60,-0.06502220784231387
2024-12-10,momentum_60,-0.07556625327932075
2024-12-11,momentum_60,-0.08529178862918912
2024-12-12,momentum_60,-0.09186477314214322
2024-12-13,momentum_60,-0.09861994755233285
2024-12-16,momentum_60,-0.10010829608323456
2024-12-17,momentum_60,-0.09252847266450538
2024-12-18,momentum_60,-0.08983803265871582
2024-12-19,momentum_60,-0.08313196086829752
2024-12-20,momentum_60,-0.07322643908511615
2024-12-23,momentum_60,-0.06448678790549539
2024-12-24,momentum_60,-0.06065566183804713
2024-12-25,momentum_60,-0.05775875201028624
2024-12-26,momentum_60,-0.06188601355320127
2024-12-27,momentum_60,-0.06963735238660698
2024-12-30,momentum_60,-0.07932138770286115
2024-12-31,momentum_60,-0.07805926583283652
2025-01-02,momentum_60,-0.07842921806905018
2025-01-03,momentum_60,-0.08079041361109678
2025-01-06,momentum_60,-0.08631834818918332
2025-01-07,momentum_60,-0.09054142678232271
2025-01-08,momentum_60,-0.09269090964906998
2025-01-09,momentum_60,-0.08741814948117303
2025-01-10,momentum_60,-0.081005246021917
2025-01-13,momentum_60,-0.07310638222107751
2025-01-14,momentum_60,-0.06683626353530532
2025-01-15,momentum_60,-0.06599876896300833
2025-01-16,momentum_60,-0.07089252245677582
2025-01-17,momentum_60,-0.07833046571918718
2025-01-20,momentum_60,-0.08398222429495791
2025-01-21,momentum_60,-0.09026023807415418
2025-01-22,momentum_60,-0.0944429707416893
2025-01-23,momentum_60,-0.09585652552530485
2025-01-24,momentum_60,-0.09439795699150835
2025-01-27,momentum_60,-0.09104182730559143
2025-02-05,momentum_60,-0.08511875594938938
2025-02-06,momentum_60,-0.07921862568451749
2025-02-07,momentum_60,-0.07908427194302088
2025-02-10,momentum_60,-0.07192609991366984
2025-02-11,momentum_60,-0.062329161138159624
2025-02-12,momentum_60,-0.05281725637625486
2025-02-13,momentum_60,-0.047740725764009964
2025-02-14,momentum_60,-0.03929004549190112
2025-02-17,momentum_60,-0.034499229165370515
2025-02-18,momentum_60,-0.03531385501571064
2025-02-19,momentum_60,-0.03581555569598275
2025-02-20,momentum_60,-0.03608426317897595
2025-02-21,momentum_60,-0.045849569301424926
2025-02-24,momentum_60,-0.058717008436217605
2025-02-25,momentum_60,-0.06716258666751011
2025-02-26,momentum_60,-0.07533945741580945
2025-02-27,momentum_60,-0.08076972952465299
2025-02-28,momentum_60,-0.08368979755186386
2025-03-03,momentum_60,-0.08024932136138767
2025-03-04,momentum_60,-0.0777153077559455
2025-03-05,momentum_60,-0.07537687238179584
2025-03-06,momentum_60,-0.07451638539071895
2025-03-07,momentum_60,-0.06957080715942641
2025-03-10,momentum_60,-0.06597726974446044
2025-03-11,momentum_60,-0.0634959995280432
2025-03-12,momentum_60,-0.06402931453714698
2025-03-13,momentum_60,-0.06369428052354155
2025-03-14,momentum_60,-0.060576933584766034
2025-03-17,momentum_60,-0.058031015217419095
2025-03-18,momentum_60,-0.0582248927684395
2025-03-19,momentum_60,-0.062393260115378275
2025-03-20,momentum_60,-0.07167829116352599
2025-03-21,momentum_60,-0.07511706667373004
2025-03-24,momentum_60,-0.07732625034719945
2025-03-25,momentum_60,-0.07944281972645952
2025-03-26,momentum_60,-0.08136288775367038
2025-03-27,momentum_60,-0.08027785374006495
2025-03-28,momentum_60,-0.08346322788972481
2025-03-31,momentum_60,-0.0807489421754391
2025-04-01,momentum_60,-0.07401254761761597
2025-04-02,momentum_60,-0.068731935372718
2025-04-03,momentum_60,-0.06396662925026904
2025-04-07,momentum_60,-0.064403704080201
2025-04-08,momentum_60,-0.06305336394414658
2025-04-09,momentum_60,-0.06300574489652754
2025-04-10,momentum_60,-0.06508907822986086
2025-04-11,momentum_60,-0.06965453240175884
2025-04-14,momentum_60,-0.07625487253781325
2025-04-15,momentum_60,-0.08371760061665914
2025-04-16,momentum_60,-0.0938808659227816
2025-04-17,momentum_60,-0.10111896116087683
2025-04-18,momentum_60,-0.1032261040180197
2025-04-21,momentum_60,-0.10225068168650431
2025-04-22,momentum_60,-0.10234932114228663
2025-04-23,momentum_60,-0.10219296025488284
2025-04-24,momentum_60,-0.10013075194681119
2025-04-25,momentum_60,-0.09966476555225337
2025-04-28,momentum_60,-0.10266136419170915
2025-04-29,momentum_60,-0.10483653425973638
2025-04-30,momentum_60,-0.10462905126653908
2025-05-06,momentum_60,-0.10767667031415813
2025-05-07,momentum_60,-0.11377530976994045
2025-05-08,momentum_60,-0.11246408528014452
2025-05-09,momentum_60,-0.1130117130918085
2025-05-12,momentum_60,-0.11576851581289693
2025-05-13,momentum_60,-0.11606446993060535
2025-05-14,momentum_60,-0.11316140870611556
2025-05-15,momentum_60,-0.11529579437997388
2025-05-16,momentum_60,-0.11552368553643645
2025-05-19,momentum_60,-0.11763763111466775
2025-05-20,momentum_60,-0.11804919574051809
2025-05-21,momentum_60,-0.11284851546840922
2025-05-22,momentum_60,-0.10714286940429942
2025-05-23,momentum_60,-0.09992858369001369
2025-05-26,momentum_60,-0.09353912790770078
2025-05-27,momentum_60,-0.08973540641910532
2025-05-28,momentum_60,-0.09386183614870995
2025-05-29,momentum_60,-0.09508282454406808
2025-05-30,momentum_60,-0.10317766247924216
2025-06-03,momentum_60,-0.10891875891781759
2025-06-04,momentum_60,-0.11257382094262751
2025-06-05,momentum_60,-0.11037544159088682
2025-06-06,momentum_60,-0.10644406904186719
2025-06-09,momentum_60,-0.0974456696821233
2025-06-10,momentum_60,-0.09540051690978854
2025-06-11,momentum_60,-0.09173394859936423
2025-06-12,momentum_60,-0.09216782214878402
2025-06-13,momentum_60,-0.09467682575022458
2025-06-16,momentum_60,-0.09890491698671917
2025-06-17,momentum_60,-0.10328506904754352
2025-06-18,momentum_60,-0.10704867448972037
2025-06-19,momentum_60,-0.10473283111664271
2025-06-20,momentum_60,-0.10475213883973195
2025-06-23,momentum_60,-0.10990640054441383
2025-06-24,momentum_60,-0.10731834256971559
2025-06-25,momentum_60,-0.10507061287889811
2025-06-26,momentum_60,-0.10681180935748955
2025-06-27,momentum_60,-0.10220773584218117
2025-06-30,momentum_60,-0.09694633128035644
2025-07-01,momentum_60,-0.09985159338519839
2025-07-02,momentum_60,-0.10202476265290546
2025-07-03,momentum_60,-0.10716982067611475
2025-07-04,momentum_60,-0.11210849614630282
2025-07-07,momentum_60,-0.1166817254380195
2025-07-08,momentum_60,-0.1192647586513048
2025-07-09,momentum_60,-0.1231989323207726
2025-07-10,momentum_60,-0.12407928446162894
2025-07-11,momentum_60,-0.12457798394142088
2025-07-14,momentum_60,-0.12223680448202276
2025-07-15,momentum_60,-0.11952593086885853
2025-07-16,momentum_60,-0.11732895207734192
2025-07-17,momentum_60,-0.11807725139706982
2025-07-18,momentum_60,-0.11688307372600139
2025-07-21,momentum_60,-0.11271130501851839
2025-07-22,momentum_60,-0.10704013489351723
2025-07-23,momentum_60,-0.10335701238892023
2025-07-24,momentum_60,-0.09929918925966853
2025-07-25,momentum_60,-0.09293734452177338
2025-07-28,momentum_60,-0.09056899718283778
2025-07-29,momentum_60,-0.09237271867143323
2025-07-30,momentum_60,-0.09658560382549486
2025-07-31,momentum_60,-0.09818644416162932
2025-08-01,momentum_60,-0.10078048177667533
2025-08-04,momentum_60,-0.0999513351162704
2025-08-05,momentum_60,-0.09709849397981583
2025-08-06,momentum_60,-0.09409962035438811
2025-08-07,momentum_60,-0.09389433824154296
2025-08-08,momentum_60,-0.09045853199945737
2025-08-11,momentum_60,-0.08692411823395117
2025-08-12,momentum_60,-0.0806699165532789
2025-08-13,momentum_60,-0.07892431831398318
2025-08-14,momentum_60,-0.08341251359209444
2025-08-15,momentum_60,-0.08259194917201058
2025-08-18,momentum_60,-0.085271173844303
2025-08-19,momentum_60,-0.09122816659013898
2025-08-20,momentum_60,-0.0934066379786944
2025-08-21,momentum_60,-0.09004361361123464
2025-08-22,momentum_60,-0.08676870364724906
2025-08-25,momentum_60,-0.0821364507460886
2025-08-26,momentum_60,-0.08103360960963402
2025-08-27,momentum_60,-0.08315285730871363
2025-08-28,momentum_60,-0.09503120864924987
2025-08-29,momentum_60,-0.10390035630831347
2025-09-01,momentum_60,-0.11201880368726506
2025-09-02,momentum_60,-0.11387886012939842
2025-09-03,momentum_60,-0.11115937233428036
2025-09-04,momentum_60,-0.09841827589570491
2025-09-05,momentum_60,-0.08948988043100863
2025-09-08,momentum_60,-0.07731861192360565
2025-09-09,momentum_60,-0.06310972837018429
2025-09-10,momentum_60,-0.04872317374833555
2025-09-11,momentum_60,-0.03953069675753922
2025-09-12,momentum_60,-0.030296603120084246
2025-09-15,momentum_60,-0.018429456261340748
2025-09-16,momentum_60,-0.017227375429007815
2025-09-17,momentum_60,-0.018373464463562784
2025-09-18,momentum_60,-0.019340251178248655
2025-09-19,momentum_60,-0.025673216250179688
2025-09-22,momentum_60,-0.02942951877118809
2025-09-23,momentum_60,-0.024956229455461797
2025-09-24,momentum_60,-0.021427618010883966
2025-09-25,momentum_60,-0.021819974953661076
2025-09-26,momentum_60,-0.014416120020997037
2025-09-29,momentum_60,-0.01338530769606706
2025-09-30,momentum_60,-0.01272584391055286
2025-10-09,momentum_60,-0.011165219660852979
2025-10-10,momentum_60,-0.012035967960172705
2025-10-13,momentum_60,-0.014588989168656098
2025-10-14,momentum_60,-0.01356778068526274
2025-10-15,momentum_60,-0.015477233730199682
2025-10-16,momentum_60,-0.020365589072336536
2025-10-17,momentum_60,-0.01828315609914726
2025-10-20,momentum_60,-0.014116689512512607
2025-10-21,momentum_60,-0.0177821556989872
2025-10-22,momentum_60,-0.01709388038886315
2025-10-23,momentum_60,-0.017775802413268062
2025-10-24,momentum_60,-0.022612937267209643
2025-10-27,momentum_60,-0.03349569036845014
2025-10-28,momentum_60,-0.039701372641359305
2025-10-29,momentum_60,-0.04773498608673746
2025-10-30,momentum_60,-0.047306014498102004
2025-10-31,momentum_60,-0.04326442246721784
2025-11-03,momentum_60,-0.04188787184696974
2025-11-04,momentum_60,-0.04686267677067998
2025-11-05,momentum_60,-0.051197210584205385
2025-11-06,momentum_60,-0.05663222292905954
2025-11-07,momentum_60,-0.06180389159652653
2025-11-10,momentum_60,-0.0661800420567106
2025-11-11,momentum_60,-0.07015603245286907
2025-11-12,momentum_60,-0.07461701684662657
2025-11-13,momentum_60,-0.08100837338924362
2025-11-14,momentum_60,-0.08279148663454174
2025-11-17,momentum_60,-0.0861816426969667
2025-11-18,momentum_60,-0.08688707188621891
2025-11-19,momentum_60,-0.08843718198151937
2025-11-20,momentum_60,-0.09196339246571304
2025-11-21,momentum_60,-0.09366807433846215
2025-11-24,momentum_60,-0.0962579102728359
2025-11-25,momentum_60,-0.09561605353013881
2025-11-26,momentum_60,-0.0941626721775978
2025-11-27,momentum_60,-0.09085094748772185
2025-11-28,momentum_60,-0.08231313236167144
2025-12-01,momentum_60,-0.07511332280052509
2025-12-02,momentum_60,-0.0723602215600289
2025-12-03,momentum_60,-0.06898767254042104
2025-12-04,momentum_60,-0.06879239442917655
2025-12-05,momentum_60,-0.07358471135594725
2025-12-08,momentum_60,-0.07391766864537347
2025-12-09,momentum_60,-0.08059553979383285
2025-12-10,momentum_60,-0.08885964543608975
2025-12-11,momentum_60,-0.09909734051412096
2025-12-12,momentum_60,-0.10865818579491834
2025-12-15,momentum_60,-0.11754974241756741
2025-12-16,momentum_60,-0.12583145510264146
2025-12-17,momentum_60,-0.12534486046478632
2025-12-18,momentum_60,-0.12431084685934413
2025-12-19,momentum_60,-0.12145690528271347
2025-12-22,momentum_60,-0.11598591688735534
2025-12-23,momentum_60,-0.11714998251360584
2025-12-24,momentum_60,-0.12357925422228931
2024-07-03,volatility_20,
2024-07-04,volatility_20,
2024-07-05,volatility_20,
2024-07-08,volatility_20,
2024-07-09,volatility_20,
2024-07-10,volatility_20,
2024-07-11,volatility_20,
2024-07-12,volatility_20,
2024-07-15,volatility_20,
2024-07-16,volatility_20,
2024-07-17,volatility_20,
2024-07-18,volatility_20,
2024-07-19,volatility_20,
2024-07-22,volatility_20,
2024-07-23,volatility_20,
2024-07-24,volatility_20,
2024-07-25,volatility_20,
2024-07-26,volatility_20,
2024-07-29,volatility_20,
2024-07-30,volatility_20,
2024-07-31,volatility_20,
2024-08-01,volatility_20,
2024-08-02,volatility_20,
2024-08-05,volatility_20,
2024-08-06,volatility_20,
2024-08-07,volatility_20,
2024-08-08,volatility_20,
2024-08-09,volatility_20,
2024-08-12,volatility_20,
2024-08-13,volatility_20,0.10664141649755646
2024-08-14,volatility_20,0.0931898850841984
2024-08-15,volatility_20,0.08447684359824381
2024-08-16,volatility_20,0.07741030100154181
2024-08-19,volatility_20,0.07373509572956216
2024-08-20,volatility_20,0.07301787067571709
2024-08-21,volatility_20,0.07785865617089033
2024-08-22,volatility_20,0.08053381040506896
2024-08-23,volatility_20,0.08425642204020307
2024-08-26,volatility_20,0.08739163439780875
2024-08-27,volatility_20,0.08582560167941802
2024-08-28,volatility_20,0.08470398554068383
2024-08-29,volatility_20,0.08453522761933699
2024-08-30,volatility_20,0.0890194228630804
2024-09-02,volatility_20,0.08900628340519025
2024-09-03,volatility_20,0.0905865268491797
2024-09-04,volatility_20,0.08989158479501914
2024-09-05,volatility_20,0.08893519747613877
2024-09-06,volatility_20,0.09176050934099196
2024-09-09,volatility_20,0.09504651912094944
2024-09-10,volatility_20,0.09525153750101416
2024-09-11,volatility_20,0.09428634895014841
2024-09-12,volatility_20,0.09255039032066686
2024-09-13,volatility_20,0.09247957580548571
2024-09-18,volatility_20,0.0922545837413501
2024-09-19,volatility_20,0.09240488330037326
2024-09-20,volatility_20,0.09137316654706425
2024-09-23,volatility_20,0.0833825791168025
2024-09-24,volatility_20,0.07510604266729888
2024-09-25,volatility_20,0.06875677666744028
2024-09-26,volatility_20,0.06469434464641613
2024-09-27,volatility_20,0.06321915003573189
2024-09-30,volatility_20,0.06313230678779441
2024-10-08,volatility_20,0.07181122332291064
2024-10-09,volatility_20,0.07198310058445355
2024-10-10,volatility_20,0.06988077029063389
2024-10-11,volatility_20,0.060179655802285355
2024-10-14,volatility_20,0.048365355614124986
2024-10-15,volatility_20,0.04096097550585336
2024-10-16,volatility_20,0.040296986505998104
2024-10-17,volatility_20,0.03599462726442913
2024-10-18,volatility_20,0.03654644373569849
2024-10-21,volatility_20,0.04154535819509928
2024-10-22,volatility_20,0.04247168617309898
2024-10-23,volatility_20,0.042808203758856696
2024-10-24,volatility_20,0.0395714835388538
2024-10-25,volatility_20,0.04463372119987565
2024-10-28,volatility_20,0.050385277141401195
2024-10-29,volatility_20,0.05270652478939657
2024-10-30,volatility_20,0.05008313500795207
2024-10-31,volatility_20,0.045420738134309004
2024-11-01,volatility_20,0.03465217539006237
2024-11-04,volatility_20,0.022798072046597322
2024-11-05,volatility_20,0.014399606277310883
2024-11-06,volatility_20,0.009937564013596887
2024-11-07,volatility_20,0.009670484841502517
2024-11-08,volatility_20,0.011525637540880141
2024-11-11,volatility_20,0.019942966257241308
2024-11-12,volatility_20,0.025104892729958053
2024-11-13,volatility_20,0.033098053824182974
2024-11-14,volatility_20,0.04142396929675498
2024-11-15,volatility_20,0.048431604265636155
2024-11-18,volatility_20,0.05006791198021134
2024-11-19,volatility_20,0.054609488185161405
2024-11-20,volatility_20,0.055117919217148675
2024-11-21,volatility_20,0.051423805273463276
2024-11-22,volatility_20,0.04118502252632186
2024-11-25,volatility_20,0.03104212158110436
2024-11-26,volatility_20,0.020420468664618614
2024-11-27,volatility_20,0.014281028019940247
2024-11-28,volatility_20,0.01099947497318963
2024-11-29,volatility_20,0.008505554000545253
2024-12-02,volatility_20,0.0057544684599460365
2024-12-03,volatility_20,-0.0002712222766299996
2024-12-04,volatility_20,-0.0006329988239360489
2024-12-05,volatility_20,0.002788516590740459
2024-12-06,volatility_20,0.006576836173892869
2024-12-09,volatility_20,0.01305910567743897
2024-12-10,volatility_20,0.01917884779224662
2024-12-11,volatility_20,0.022105387098577754
2024-12-12,volatility_20,0.023244987619637242
2024-12-13,volatility_20,0.023709164779863033
2024-12-16,volatility_20,0.022752767327264976
2024-12-17,volatility_20,0.02008063677291558
2024-12-18,volatility_20,0.023223095884219672
2024-12-19,volatility_20,0.02390998979071844
2024-12-20,volatility_20,0.026428082134038747
2024-12-23,volatility_20,0.03495203639659483
2024-12-24,volatility_20,0.04388100585671931
2024-12-25,volatility_20,0.046432207188315776
2024-12-26,volatility_20,0.05203746844175332
2024-12-27,volatility_20,0.056549554127091284
2024-12-30,volatility_20,0.05917790121060554
2024-12-31,volatility_20,0.0504654609153385
2025-01-02,volatility_20,0.05074234613751248
2025-01-03,volatility_20,0.049898953461293055
2025-01-06,volatility_20,0.05417793739529219
2025-01-07,volatility_20,0.0599750860419849
2025-01-08,volatility_20,0.06484762609047162
2025-01-09,volatility_20,0.06599931229686908
2025-01-10,volatility_20,0.06299084508019517
2025-01-13,volatility_20,0.05132356327385561
2025-01-14,volatility_20,0.042392676025339186
2025-01-15,volatility_20,0.0402789113705411
2025-01-16,volatility_20,0.039706536811897404
2025-01-17,volatility_20,0.03510029857192056
2025-01-20,volatility_20,0.03424970514305965
2025-01-21,volatility_20,0.03160978952370698
2025-01-22,volatility_20,0.026279097672498416
2025-01-23,volatility_20,0.020190517559602193
2025-01-24,volatility_20,0.014300699930422862
2025-01-27,volatility_20,0.013109934262453545
2025-02-05,volatility_20,0.009517988973699749
2025-02-06,volatility_20,0.006347812392428945
2025-02-07,volatility_20,0.009152234161136428
2025-02-10,volatility_20,0.00845330298847859
2025-02-11,volatility_20,0.0064601057095670265
2025-02-12,volatility_20,-0.0002048602768275301
2025-02-13,volatility_20,-0.007162343270024808
2025-02-14,volatility_20,-0.02026438408635134
2025-02-17,volatility_20,-0.031497377283630244
2025-02-18,volatility_20,-0.039580710616963576
2025-02-19,volatility_20,-0.038830710616963575
2025-02-20,volatility_20,-0.040179350072745895
2025-02-21,volatility_20,-0.030965064358460182
2025-02-24,volatility_20,-0.020237949980558546
2025-02-25,volatility_20,-0.009603596239061948
2025-02-26,volatility_20,-0.00014611324586467033
2025-02-27,volatility_20,0.005753546618080907
2025-02-28,volatility_20,0.0005749751895094782
2025-03-03,volatility_20,-0.004981147259470113
2025-03-04,volatility_20,-0.010047473790082357
2025-03-05,volatility_20,-0.011418222089402083
2025-03-06,volatility_20,-0.009249818948715467
2025-03-07,volatility_20,-0.008940295139191657
2025-03-10,volatility_20,-0.013974308744633835
2025-03-11,volatility_20,-0.016268463391326104
2025-03-12,volatility_20,-0.018408639636703375
2025-03-13,volatility_20,-0.020765782493846235
2025-03-14,volatility_20,-0.019510680453029908
2025-03-17,volatility_20,-0.012719864126499298
2025-03-18,volatility_20,-0.004189251881601339
2025-03-19,volatility_20,0.006708707302072129
2025-03-20,volatility_20,0.01721319656477216
2025-03-21,volatility_20,0.01909584962599665
2025-03-24,volatility_20,0.023407074115792566
2025-03-25,volatility_20,0.028230203367493246
2025-03-26,volatility_20,0.030776121734840182
2025-03-27,volatility_20,0.03262135983007828
2025-03-28,volatility_20,0.043599250986540855
2025-03-31,volatility_20,0.05108224418381978
2025-04-01,volatility_20,0.053223400646404816
2025-04-02,volatility_20,0.05646999928586059
2025-04-03,volatility_20,0.05963666595252726
2025-04-07,volatility_20,0.051354353027357184
2025-04-08,volatility_20,0.044718298605588486
2025-04-09,volatility_20,0.042866257789261945
2025-04-10,volatility_20,0.04361965914980617
2025-04-11,volatility_20,0.0445686200421213
2025-04-14,volatility_20,0.043672361538719943
2025-04-15,volatility_20,0.049726855936195774
2025-04-16,volatility_20,0.05425916886136584
2025-04-17,volatility_20,0.058128216480413455
2025-04-18,volatility_20,0.057958148453202574
2025-04-21,volatility_20,0.058965752422759574
2025-04-22,volatility_20,0.06308480004180719
2025-04-23,volatility_20,0.059227698445093666
2025-04-24,volatility_20,0.05325569482866691
2025-04-25,volatility_20,0.053531205032748545
2025-04-28,volatility_20,0.05505161319601385
2025-04-29,volatility_20,0.05960433428444923
2025-04-30,volatility_20,0.0661570553728846
2025-05-06,volatility_20,0.07893596693751045
2025-05-07,volatility_20,0.0866961710191431
2025-05-08,volatility_20,0.08922338190349685
2025-05-09,volatility_20,0.0869070069537057
2025-05-12,volatility_20,0.08668761919860365
2025-05-13,volatility_20,0.0861961225999642
2025-05-14,volatility_20,0.09145292532105263
2025-05-15,volatility_20,0.10336377915899714
2025-05-16,volatility_20,0.1166647995671604
2025-05-19,volatility_20,0.12953724854675222
2025-05-20,volatility_20,0.13667840500933728
2025-05-21,volatility_20,0.13933826895491552
2025-05-22,volatility_20,0.13246092742790877
2025-05-23,volatility_20,0.1295459614415142
2025-05-26,volatility_20,0.12830446484287475
2025-05-27,volatility_20,0.1265491627220264
2025-05-28,volatility_20,0.12684456344110967
2025-05-29,volatility_20,0.13933906124022935
2025-05-30,volatility_20,0.14757615607816452
2025-06-03,volatility_20,0.1592543273466719
2025-06-04,volatility_20,0.1657904417924502
2025-06-05,volatility_20,0.16737727652634377
2025-06-06,volatility_20,0.16848051782286239
2025-06-09,volatility_20,0.16863207844711206
2025-06-10,volatility_20,0.16783119507859826
2025-06-11,volatility_20,0.16713143534958577
2025-06-12,volatility_20,0.16698367624594432
2025-06-13,volatility_20,0.16505490473734089
2025-06-16,volatility_20,0.16106380829876546
2025-06-17,volatility_20,0.15397417244442374
2025-06-18,volatility_20,0.14478119525354735
2025-06-19,volatility_20,0.1344340689360254
2025-06-20,volatility_20,0.12623178802366047
2025-06-23,volatility_20,0.11755351671513704
2025-06-24,volatility_20,0.10770717817972289
2025-06-25,volatility_20,0.10655030770856722
2025-06-26,volatility_20,0.10505450938923949
2025-06-27,volatility_20,0.10192498737142125
2025-06-30,volatility_20,0.09818859281359812
2025-07-01,volatility_20,0.09808084971635922
2025-07-02,volatility_20,0.09790778048866815
2025-07-03,volatility_20,0.10110856080079299
2025-07-04,volatility_20,0.11664657600687543
2025-07-07,volatility_20,0.1304066800484921
2025-07-08,volatility_20,0.13987336672316195
2025-07-09,volatility_20,0.14465437912812393
2025-07-10,volatility_20,0.1424465960148786
2025-07-11,volatility_20,0.1444791090200807
2025-07-14,volatility_20,0.14437959661540198
2025-07-15,volatility_20,0.15428491663625163
2025-07-16,volatility_20,0.16012995465145774
2025-07-17,volatility_20,0.16551290783273026
2025-07-18,volatility_20,0.1652419994693849
2025-07-21,volatility_20,0.16405492463945295
2025-07-22,volatility_20,0.15937791259070827
2025-07-23,volatility_20,0.15992915668838512
2025-07-24,volatility_20,0.16127939678442355
2025-07-25,volatility_20,0.16325738798090214
2025-07-28,volatility_20,0.16455950882924147
2025-07-29,volatility_20,0.1656288365603339
2025-07-30,volatility_20,0.16244966489166643
2025-07-31,volatility_20,0.1636113295575328
2025-08-01,volatility_20,0.16240584736465563
2025-08-04,volatility_20,0.16068730866281405
2025-08-05,volatility_20,0.15126073803456272
2025-08-06,volatility_20,0.14518651533853327
2025-08-07,volatility_20,0.13880346211724476
2025-08-08,volatility_20,0.12936429695477045
2025-08-11,volatility_20,0.11643442500599094
2025-08-12,volatility_20,0.10599995121647514
2025-08-13,volatility_20,0.09604887078430227
2025-08-14,volatility_20,0.09083318450979247
2025-08-15,volatility_20,0.08776304704520257
2025-08-18,volatility_20,0.08580795047386891
2025-08-19,volatility_20,0.08679984965259512
2025-08-20,volatility_20,0.08813318298592845
2025-08-21,volatility_20,0.08858057938569272
2025-08-22,volatility_20,0.08478226005796162
2025-08-25,volatility_20,0.08548334049013451
2025-08-26,volatility_20,0.08226125165460028
2025-08-27,volatility_20,0.07835088750894202
2025-08-28,volatility_20,0.08083668182666912
2025-08-29,volatility_20,0.07990670983787361
2025-09-01,volatility_20,0.0801067898698864
2025-09-02,volatility_20,0.08081267222282758
2025-09-03,volatility_20,0.07944092352334779
2025-09-04,volatility_20,0.07091271223883398
2025-09-05,volatility_20,0.06598277712566006
2025-09-08,volatility_20,0.058882336949589636
2025-09-09,volatility_20,0.049260888370157865
2025-09-10,volatility_20,0.04189314127131833
2025-09-11,volatility_20,0.040812709098449175
2025-09-12,volatility_20,0.044005986409373546
2025-09-15,volatility_20,0.042429355757112645
2025-09-16,volatility_20,0.044585418182082635
2025-09-17,volatility_20,0.04094466960561925
2025-09-18,volatility_20,0.039904253439152666
2025-09-19,volatility_20,0.03902857337613856
2025-09-22,volatility_20,0.03687721283192088
2025-09-23,volatility_20,0.03442033007881964
2025-09-24,volatility_20,0.03373115440855153
2025-09-25,volatility_20,0.034783775456970895
2025-09-26,volatility_20,0.03249916161143268
2025-09-29,volatility_20,0.03492253095917178
2025-09-30,volatility_20,0.036851302467775224
2025-10-09,volatility_20,0.04102417161543428
2025-10-10,volatility_20,0.05131468782191687
2025-10-13,volatility_20,0.05710100234772719
2025-10-14,volatility_20,0.055886116393345446
2025-10-15,volatility_20,0.052296522663012004
2025-10-16,volatility_20,0.05003481798113926
2025-10-17,volatility_20,0.04093357748494078
2025-10-20,volatility_20,0.033541820782259715
2025-10-21,volatility_20,0.03345538620843018
2025-10-22,volatility_20,0.03178911970182754
2025-10-23,volatility_20,0.03355970433564328
2025-10-24,volatility_20,0.03384141702071731
2025-10-27,volatility_20,0.03879539861335437
2025-10-28,volatility_20,0.04254729937365849
2025-10-29,volatility_20,0.049618928025119066
2025-10-30,volatility_20,0.05399507848530315
2025-10-31,volatility_20,0.05455700584817839
2025-11-03,volatility_20,0.0568619278169659
2025-11-04,volatility_20,0.06562948612665064
2025-11-05,volatility_20,0.07571832166086433
2025-11-06,volatility_20,0.08337347672984295
2025-11-07,volatility_20,0.08991689409678974
2025-11-10,volatility_20,0.09335506936689777
2025-11-11,volatility_20,0.09669880686189578
2025-11-12,volatility_20,0.10095170802235996
2025-11-13,volatility_20,0.1091789989387265
2025-11-14,volatility_20,0.11428344071543718
2025-11-17,volatility_20,0.11919580566141558
2025-11-18,volatility_20,0.12189099827116462
2025-11-19,volatility_20,0.12220542162145002
2025-11-20,volatility_20,0.12230786259784056
2025-11-21,volatility_20,0.11833347284193822
2025-11-24,volatility_20,0.11516900705562368
2025-11-25,volatility_20,0.11584767852421111
2025-11-26,volatility_20,0.11531626595918511
2025-11-27,volatility_20,0.11522823074509948
2025-11-28,volatility_20,0.10985007948459527
2025-12-01,volatility_20,0.10148577129688567
2025-12-02,volatility_20,0.09497916865582924
2025-12-03,volatility_20,0.08757460683109937
2025-12-04,volatility_20,0.08067744796755393
2025-12-05,volatility_20,0.08109681571465277
2025-12-08,volatility_20,0.08051414578580988
2025-12-09,volatility_20,0.08742410977140413
2025-12-10,volatility_20,0.09830366159213243
2025-12-11,volatility_20,0.1122484395032969
2025-12-12,volatility_20,0.1204712217849854
2025-12-15,volatility_20,0.12271531942404103
2025-12-16,volatility_20,0.12808546748326471
2025-12-17,volatility_20,0.12687698408990736
2025-12-18,volatility_20,0.12285457512632193
2025-12-19,volatility_20,0.12049683202908304
2025-12-22,volatility_20,0.1167385287077545
2025-12-23,volatility_20,0.11628084563452522
2025-12-24,volatility_20,0.11861447908790658
