fold,model,weighting_method,train_start,train_end,test_start,test_end,factor_weights,OOS_return,annualized_return,volatility,Sharpe,max_drawdown,turnover,transaction_cost,benchmark_return,annualized_excess_return,information_ratio,tracking_error,beta,jensen_alpha
0,Model_A,equal_weight,2018-01-29,2021-03-12,2021-03-15,2021-09-13,"{""volatility_20"": 0.5, ""volume_change_20"": 0.5}",0.13229143819670863,0.28208390101357095,0.16537283153192675,1.5854412799939843,-0.07554319224071271,49.37659281013657,0.04937659281013657,-0.03006385070671025,0.3067376178558977,1.3543118789913435,0.22648964585937767,0.13906674332545854,0.2683841569065085
1,Model_A,equal_weight,2018-08-07,2021-09-13,2021-09-14,2022-03-25,"{""volatility_20"": 0.5, ""volume_change_20"": 0.5}",-0.12051751844454506,-0.22651056463705888,0.20966497789109068,-1.1193658273951976,-0.20289864690133852,50.50983877660238,0.0505098387766024,-0.16369103664913054,0.10655047405286688,0.40446998865406647,0.2634323362468234,0.10466879307055589,-0.19897439328433436
2,Model_A,equal_weight,2019-02-18,2022-03-25,2022-03-28,2022-09-28,"{""volatility_20"": 0.5, ""volume_change_20"": 0.5}",-0.11367190703026264,-0.2144225116126286,0.25580682953982864,-0.8141343828557984,-0.21110660685166283,51.37776301010641,0.0513777630101064,-0.08284925153967948,-0.053733533869732036,-0.17305334673708536,0.3105027142374065,0.0804008646446535,-0.1958369825314332
3,Model_A,equal_weight,2019-08-20,2022-09-28,2022-09-29,2023-04-10,"{""volatility_20"": 0.5, ""volume_change_20"": 0.5}",0.06587747372094355,0.13609478898574068,0.15989309995794096,0.8776346483956887,-0.10039834217687216,52.983466858992614,0.052983466858992606,0.07211306157948782,-0.013428673822575805,-0.05982930051779319,0.224449788086393,0.07630649092808776,0.12859511334397916
4,Model_A,equal_weight,2020-03-02,2023-04-10,2023-04-11,2023-10-18,"{""volatility_20"": 0.5, ""volume_change_20"": 0.5}",-0.12583504392796108,-0.23583562957557025,0.15006637966525999,-1.7170374126713117,-0.15048816647825625,54.48070513195242,0.05448070513195242,-0.12040264957452318,-0.010719727702286512,-0.0542416485927153,0.1976290909367047,0.0691491470181164,-0.24059321605493095
5,Model_A,equal_weight,2020-09-02,2023-10-18,2023-10-19,2024-04-24,"{""volatility_20"": 0.5, ""volume_change_20"": 0.5}",-0.07350154856314406,-0.14160061948510794,0.2734645160221333,-0.42217984978546125,-0.24758347617940357,49.78789631421211,0.0497878963142121,-0.024638700707364403,-0.07649910399480807,-0.2538243159678426,0.3013860342856193,0.13704401579015393,-0.11011305549898268
6,Model_A,equal_weight,2021-03-15,2024-04-24,2024-04-25,2024-11-01,"{""volatility_20"": 0.5, ""volume_change_20"": 0.5}",0.04398209699473954,0.08989861884553374,0.3161115836112622,0.4268737922574827,-0.2604188972225784,49.14885114885114,0.049148851148851154,0.10461094609866994,-0.0940846991719104,-0.2526031626343288,0.3724604957068906,0.18312328025124675,0.09300004199600802
7,Model_A,equal_weight,2021-09-14,2024-11-01,2024-11-04,2025-05-13,"{""volatility_20"": 0.5, ""volume_change_20"": 0.5}",0.010793095378576645,0.02170268166500433,0.24151885170216755,0.21064518162486157,-0.151788201290604,49.06526290165531,0.04906526290165531,0.0016041048632153831,0.030831341205338442,0.0977556855279641,0.3153917957694522,-0.11483688353633338,0.053176508702775356
8,Model_A,equal_weight,2022-03-28,2025-05-13,2025-05-14,2025-11-14,"{""volatility_20"": 0.5, ""volume_change_20"": 0.5}",0.17264122645564273,0.37508744598339394,0.13474090564105612,2.432245025910165,-0.06395485499356479,51.25000000000001,0.05125,0.18784167381026795,-0.026164072706458458,-0.12484263505374155,0.2095764215101315,-0.18118136917048838,0.39184062333150566
9,Model_A,equal_weight,2022-09-29,2025-11-14,2025-11-17,2025-12-24,"{""volatility_20"": 0.5, ""volume_change_20"": 0.5}",-0.028282340793037708,-0.2275669317911848,0.16227645678238797,-1.5117714883951048,-0.048779156403599755,11.575,0.011575,0.0012791315733753361,-0.2657982395774799,-1.2250153613354018,0.21697543391433927,-0.05912615720646515,-0.24411441192507646
0,Model_A,rolling_ic_weight,2018-01-29,2021-03-12,2021-03-15,2021-09-13,"{""volatility_20"": -0.07987672545862608, ""volume_change_20"": -0.9201232745413739}",0.2374087191953671,0.5311803383407188,0.18888278334580716,2.3511737570196996,-0.0915245259458114,56.86732485961069,0.05686732485961068,-0.03006385070671025,0.4886449475111896,1.9821297378836877,0.24652520880541046,0.12175677777265614,0.44952035002744345
1,Model_A,rolling_ic_weight,2018-08-07,2021-09-13,2021-09-14,2022-03-25,"{""volatility_20"": -0.016366231622733023, ""volume_change_20"": -0.983633768377267}",-0.10200872314047638,-0.19361166668420238,0.26004646098854634,-0.6969494686965495,-0.23710119132900997,56.49801559100834,0.056498015591008345,-0.16369103664913054,0.16000304268333798,0.5232728998253228,0.30577360825823324,0.09789046440040326,-0.1478348770211751
2,Model_A,rolling_ic_weight,2019-02-18,2022-03-25,2022-03-28,2022-09-28,"{""volatility_20"": -0.053010667830849054, ""volume_change_20"": -0.9469893321691509}",-0.07959936163400727,-0.15286266489547307,0.28084856377635375,-0.4494957383753907,-0.22167716773327606,55.5038765054721,0.0555038765054721,-0.08284925153967948,0.028287368881654715,0.08557975827975506,0.33053807874970875,0.08846501947141303,-0.11256994527712355
3,Model_A,rolling_ic_weight,2019-08-20,2022-09-28,2022-09-29,2023-04-10,"{""volatility_20"": 0.03846437191947295, ""volume_change_20"": -0.9615356280805271}",0.08039694542132025,0.16725755967571931,0.17426281038014158,0.9743542031112764,-0.07638005154346483,58.96809456434191,0.0589680945643419,0.07211306157948782,0.0160373033548143,0.06644351149736949,0.24136748635642502,0.02373167367236324,0.16614480506836218
4,Model_A,rolling_ic_weight,2020-03-02,2023-04-10,2023-04-11,2023-10-18,"{""volatility_20"": 0.3813543161010358, ""volume_change_20"": -0.6186456838989641}",-0.08378080891391237,-0.16054239388555525,0.14671638906240003,-1.1197139038434982,-0.08613747355118795,58.275821690472014,0.058275821690472004,-0.12040264957452318,0.08266947981222098,0.40508786975807726,0.20407789515295055,-0.024245093799095216,-0.17026770328800434
5,Model_A,rolling_ic_weight,2020-09-02,2023-10-18,2023-10-19,2024-04-24,"{""volatility_20"": 0.45165107032113583, ""volume_change_20"": -0.5483489296788641}",-0.08742480664458885,-0.16720651647233398,0.2722365484000863,-0.5356533688608291,-0.2686286976996094,51.222093695777914,0.051222093695777904,-0.024638700707364403,-0.10687231997648025,-0.3657056657393243,0.2922358880068844,0.24471906905566032,-0.13629210157523347
6,Model_A,rolling_ic_weight,2021-03-15,2024-04-24,2024-04-25,2024-11-01,"{""volatility_20"": 0.38819757281702666, ""volume_change_20"": -0.6118024271829734}",0.14266730303953135,0.3056885654356363,0.29331139467931405,1.0547395811481364,-0.1927642642450822,53.536130536130536,0.05353613053613052,0.10461094609866994,0.0803426879254674,0.22158371240152544,0.36258390589593853,0.12893427554690343,0.27983803607258484
7,Model_A,rolling_ic_weight,2021-09-14,2024-11-01,2024-11-04,2025-05-13,"{""volatility_20"": 0.38298057514568334, ""volume_change_20"": -0.6170194248543166}",0.07933748676951446,0.16496941034593182,0.28856310214014214,0.6781741335133077,-0.2065598828891062,55.15715676728335,0.05515715676728335,0.0016041048632153831,0.17565259058051014,0.5898950393867356,0.2977692281717124,0.41933043001312464,0.1872912069499861
8,Model_A,rolling_ic_weight,2022-03-28,2025-05-13,2025-05-14,2025-11-14,"{""volatility_20"": 0.34498399342209035, ""volume_change_20"": -0.6550160065779097}",0.24108027923499664,0.5402802595060172,0.14268563664974904,3.1009137773309816,-0.058855370070768354,56.15,0.056150000000000005,0.18784167381026795,0.08856888627590104,0.4240447727821583,0.20886682718619656,-0.11506476365815162,0.483175777106647
9,Model_A,rolling_ic_weight,2022-09-29,2025-11-14,2025-11-17,2025-12-24,"{""volatility_20"": 0.32274573939766144, ""volume_change_20"": -0.6772542606023385}",-0.03647843224824521,-0.2842638311831237,0.183079493561286,-1.7365952152225845,-0.06448014324846363,13.075000000000001,0.013075000000000002,0.0012791315733753361,-0.3384082914999885,-1.4385518429644215,0.235242332874588,-0.08813171329314672,-0.3161306238457438
0,Model_A,rolling_icir_weight,2018-01-29,2021-03-12,2021-03-15,2021-09-13,"{""volatility_20"": -0.06002113727065397, ""volume_change_20"": -0.939978862729346}",0.23147674594920975,0.5165349758136546,0.1873529253404797,2.3174551214065944,-0.09042337789330257,57.44468582382714,0.05744468582382715,-0.03006385070671025,0.478730700496492,1.9458475914742543,0.24602682275531454,0.11678185748968782,0.439384476760862
1,Model_A,rolling_icir_weight,2018-08-07,2021-09-13,2021-09-14,2022-03-25,"{""volatility_20"": -0.01258403691241916, ""volume_change_20"": -0.9874159630875808}",-0.09056575999720518,-0.17292936311053897,0.25913824683486203,-0.6026689096286851,-0.2342409788618104,56.4648716516144,0.05646487165161441,-0.16369103664913054,0.18506772084266793,0.6061262904551462,0.30532864810021487,0.09478815912661273,-0.12382883660380997
2,Model_A,rolling_icir_weight,2019-02-18,2022-03-25,2022-03-28,2022-09-28,"{""volatility_20"": -0.041824721821221905, ""volume_change_20"": -0.9581752781787781}",-0.08527074637578569,-0.16327039256408782,0.27920859529301795,-0.49806427600585035,-0.2185882804182212,55.331193519234134,0.055331193519234136,-0.08284925153967948,0.015463774558747381,0.04668334188366973,0.3312482340549136,0.06965646556554894,-0.12829998032143283
3,Model_A,rolling_icir_weight,2019-08-20,2022-09-28,2022-09-29,2023-04-10,"{""volatility_20"": 0.02965861277000338, ""volume_change_20"": -0.9703413872299966}",0.07396258396215782,0.15339563175067483,0.17487787438211774,0.9031911292350498,-0.07617033296362474,58.97045361973975,0.05897045361973974,0.07211306157948782,0.004191746456349944,0.017304287383714815,0.24223745037283798,0.020214398987645814,0.15484005165755105
4,Model_A,rolling_icir_weight,2020-03-02,2023-04-10,2023-04-11,2023-10-18,"{""volatility_20"": 0.31796406423235923, ""volume_change_20"": -0.6820359357676407}",-0.08524098152537785,-0.16321593811934587,0.1477330957905415,-1.1326144704277175,-0.08973304913539693,60.20971531011905,0.060209715310119045,-0.12040264957452318,0.07962521851365094,0.38777757791211276,0.2053373455535314,-0.029879607370504775,-0.17470340692739733
5,Model_A,rolling_icir_weight,2020-09-02,2023-10-18,2023-10-19,2024-04-24,"{""volatility_20"": 0.3823913814657851, ""volume_change_20"": -0.6176086185342149}",-0.11717509816944571,-0.22062019270787214,0.2829022740931896,-0.7388840052590656,-0.28979214016850685,55.143163853690176,0.05514316385369016,-0.024638700707364403,-0.17007986107780368,-0.5594014582490747,0.3040390019900078,0.21946155306437992,-0.20048347607383535
6,Model_A,rolling_icir_weight,2021-03-15,2024-04-24,2024-04-25,2024-11-01,"{""volatility_20"": 0.31262040545813674, ""volume_change_20"": -0.6873795945418631}",0.16815764084271367,0.36459227385921444,0.3007855854751635,1.182281565064692,-0.1939503082273082,57.61571761571762,0.057615717615717606,0.10461094609866994,0.1265888030999077,0.3487887929560009,0.36293827570278797,0.1630986496014687,0.31825967428172725
7,Model_A,rolling_icir_weight,2021-09-14,2024-11-01,2024-11-04,2025-05-13,"{""volatility_20"": 0.30476206623755053, ""volume_change_20"": -0.6952379337624495}",0.1016238077539886,0.2135750138103969,0.30175026167969193,0.7976109048494883,-0.2149761270037841,57.16643135345667,0.057166431353456684,0.0016041048632153831,0.2206358580796162,0.7197396435030086,0.3065495420062879,0.45637024460061826,0.23153206910418977
8,Model_A,rolling_icir_weight,2022-03-28,2025-05-13,2025-05-14,2025-11-14,"{""volatility_20"": 0.26723034524638495, ""volume_change_20"": -0.732769654753615}",0.22952022279555462,0.5117199782632302,0.14899232286847408,2.8499847987796465,-0.06037871915877857,57.57499999999999,0.05757500000000001,0.18784167381026795,0.07073888507147201,0.3250909706714451,0.21759720033247137,-0.1648614740012559,0.4829681828533857
9,Model_A,rolling_icir_weight,2022-09-29,2025-11-14,2025-11-17,2025-12-24,"{""volatility_20"": 0.25310643400946886, ""volume_change_20"": -0.7468935659905311}",-0.03706463384547409,-0.2881733594275271,0.18912676799536082,-1.7043331401850184,-0.06876481365037335,13.85,0.013850000000000001,0.0012791315733753361,-0.3428083373666618,-1.4294500674125517,0.23981833656294085,-0.08605759155978034,-0.3205731338682597
0,Model_B,equal_weight,2018-01-30,2021-03-15,2021-03-16,2021-09-14,"{""volatility_20"": 1.0}",0.15186905668535466,0.3268023237492088,0.13233743166188666,2.203594422576765,-0.06804258681154685,9.500962737025004,0.009500962737025007,-0.0235088987477019,0.32294158180092003,1.5304879708025154,0.21100563216552742,0.08693668629148148,0.2943411924256657
1,Model_B,equal_weight,2018-08-08,2021-09-14,2021-09-15,2022-03-28,"{""volatility_20"": 1.0}",-0.02025256309697454,-0.04009495988195211,0.2057924150912158,-0.09575908542652545,-0.17336736806127584,11.336147906088641,0.011336147906088648,-0.15632804301670122,0.3041902844782054,1.1748983209512274,0.25890775316788717,0.11249065724713342,0.016728867973292507
2,Model_B,equal_weight,2019-02-19,2022-03-28,2022-03-29,2022-09-29,"{""volatility_20"": 1.0}",0.01456697374661875,0.02934614421737214,0.2449691382171642,0.24113575034387438,-0.1751941106761219,13.314211484841707,0.013314211484841711,-0.07745747227290989,0.20191425607522895,0.6630352595475526,0.3045301937833787,0.055863990491873704,0.06705062147992229
3,Model_B,equal_weight,2019-08-21,2022-09-29,2022-09-30,2023-04-11,"{""volatility_20"": 1.0}",0.11479062283937713,0.24275813277060632,0.15011926625916533,1.5229942568353814,-0.07988371920958193,10.549590847979813,0.01054959084797981,0.07133525295651677,0.07632476943699391,0.34579720386023227,0.2207211874039433,0.05297120390560077,0.22056294759276712
4,Model_B,equal_weight,2020-03-03,2023-04-11,2023-04-12,2023-10-19,"{""volatility_20"": 1.0}",-0.018768998004871085,-0.03718572072363535,0.1336586748247438,-0.2173299401045289,-0.10033498436328703,12.038930350682332,0.012038930350682332,-0.13819250515225012,0.25830590587252344,1.3854571430017333,0.18644092109040455,0.07804066124039358,-0.006622740488577153
5,Model_B,equal_weight,2020-09-03,2023-10-19,2023-10-20,2024-04-25,"{""volatility_20"": 1.0}",0.0583840216799858,0.12017673734750067,0.2383512075751724,0.5946446828829665,-0.20374617503269732,11.953923269712742,0.01195392326971274,-0.0009225875467649969,0.13309360734574785,0.5068427196361442,0.2625935071954748,0.21373492238762995,0.13988746511964287
6,Model_B,equal_weight,2021-03-16,2024-04-25,2024-04-26,2024-11-04,"{""volatility_20"": 1.0}",0.09453046954191358,0.1979969487556419,0.26926315288794234,0.8038565991677752,-0.16825150734402905,11.297702297702298,0.011297702297702297,0.1174071178490097,-0.03580111039369895,-0.10101655231008073,0.3544083575907813,0.06872917843706762,0.19911202210052528
7,Model_B,equal_weight,2021-09-15,2024-11-04,2024-11-05,2025-05-14,"{""volatility_20"": 1.0}",0.09768764267571295,0.20491816088296377,0.21643328507389037,0.9716616091780894,-0.13114068594342554,10.613875365141189,0.01061387536514119,-0.0003929263123735316,0.1943002526559697,0.6806763997477818,0.28545172526617024,-0.019320079958110865,0.2106090287921206
8,Model_B,equal_weight,2022-03-29,2025-05-14,2025-05-15,2025-11-17,"{""volatility_20"": 1.0}",0.2605038264300876,0.5888698964448924,0.11646972618679458,4.037008158831217,-0.047709255980899146,11.499999999999998,0.0115,0.16606774683569925,0.15340536289216436,0.8171160898798784,0.18773998553218554,-0.07645315097425635,0.4944083600636825
9,Model_B,equal_weight,2022-09-30,2025-11-17,2025-11-18,2025-12-24,"{""volatility_20"": 1.0}",0.002990961114665014,0.028266086794840994,0.1455669970755764,0.2622426473375342,-0.03623242901562829,2.9250000000000003,0.002925,0.007831580778808522,-0.0437386800784041,-0.21532745911525936,0.20312634653340655,-0.032971082454595076,0.04087462027501661
0,Model_B,rolling_ic_weight,2018-01-30,2021-03-15,2021-03-16,2021-09-14,"{""volatility_20"": -1.0}",0.3134929126509356,0.7252636315842382,0.250037348808492,2.306962882872834,-0.08609985550966459,9.387524342541528,0.00938752434254153,-0.0235088987477019,0.6081504385257717,2.046451955766678,0.2971730837912272,0.10554834506085492,0.5801330324767902
1,Model_B,rolling_ic_weight,2018-08-08,2021-09-14,2021-09-15,2022-03-28,"{""volatility_20"": -1.0}",-0.09366724190446118,-0.17856093160293351,0.30158732287797224,-0.5014500349526586,-0.19716238833396027,9.731521076231347,0.00973152107623135,-0.15632804301670122,0.17266580433661818,0.49333880096159327,0.34999437303545955,0.004815671367725112,-0.14967119315883756
2,Model_B,rolling_ic_weight,2019-02-19,2022-03-28,2022-03-29,2022-09-29,"{""volatility_20"": -1.0}",-0.11877890184496642,-0.22344937616643668,0.326138171856444,-0.611585664652283,-0.24711672919705252,10.629623728436568,0.01062962372843657,-0.07745747227290989,-0.05661799148316301,-0.15165690128431691,0.37332947596640614,0.05206392257333296,-0.19202444084884407
3,Model_B,rolling_ic_weight,2019-08-21,2022-09-29,2022-09-30,2023-04-11,"{""volatility_20"": 1.0}",0.11479062283937713,0.24275813277060632,0.15011926625916533,1.5229942568353814,-0.07988371920958193,10.549590847979813,0.01054959084797981,0.07133525295651677,0.07632476943699391,0.34579720386023227,0.2207211874039433,0.05297120390560077,0.22056294759276712
4,Model_B,rolling_ic_weight,2020-03-03,2023-04-11,2023-04-12,2023-10-19,"{""volatility_20"": 1.0}",-0.018768998004871085,-0.03718572072363535,0.1336586748247438,-0.2173299401045289,-0.10033498436328703,12.038930350682332,0.012038930350682332,-0.13819250515225012,0.25830590587252344,1.3854571430017333,0.18644092109040455,0.07804066124039358,-0.006622740488577153
5,Model_B,rolling_ic_weight,2020-09-03,2023-10-19,2023-10-20,2024-04-25,"{""volatility_20"": 1.0}",0.0583840216799858,0.12017673734750067,0.2383512075751724,0.5946446828829665,-0.20374617503269732,11.953923269712742,0.01195392326971274,-0.0009225875467649969,0.13309360734574785,0.5068427196361442,0.2625935071954748,0.21373492238762995,0.13988746511964287
6,Model_B,rolling_ic_weight,2021-03-16,2024-04-25,2024-04-26,2024-11-04,"{""volatility_20"": 1.0}",0.09453046954191358,0.1979969487556419,0.26926315288794234,0.8038565991677752,-0.16825150734402905,11.297702297702298,0.011297702297702297,0.1174071178490097,-0.03580111039369895,-0.10101655231008073,0.3544083575907813,0.06872917843706762,0.19911202210052528
7,Model_B,rolling_ic_weight,2021-09-15,2024-11-04,2024-11-05,2025-05-14,"{""volatility_20"": 1.0}",0.09768764267571295,0.20491816088296377,0.21643328507389037,0.9716616091780894,-0.13114068594342554,10.613875365141189,0.01061387536514119,-0.0003929263123735316,0.1943002526559697,0.6806763997477818,0.28545172526617024,-0.019320079958110865,0.2106090287921206
8,Model_B,rolling_ic_weight,2022-03-29,2025-05-14,2025-05-15,2025-11-17,"{""volatility_20"": 1.0}",0.2605038264300876,0.5888698964448924,0.11646972618679458,4.037008158831217,-0.047709255980899146,11.499999999999998,0.0115,0.16606774683569925,0.15340536289216436,0.8171160898798784,0.18773998553218554,-0.07645315097425635,0.4944083600636825
9,Model_B,rolling_ic_weight,2022-09-30,2025-11-17,2025-11-18,2025-12-24,"{""volatility_20"": 1.0}",0.002990961114665014,0.028266086794840994,0.1455669970755764,0.2622426473375342,-0.03623242901562829,2.9250000000000003,0.002925,0.007831580778808522,-0.0437386800784041,-0.21532745911525936,0.20312634653340655,-0.032971082454595076,0.04087462027501661
0,Model_B,rolling_icir_weight,2018-01-30,2021-03-15,2021-03-16,2021-09-14,"{""volatility_20"": -1.0}",0.3134929126509356,0.7252636315842382,0.250037348808492,2.306962882872834,-0.08609985550966459,9.387524342541528,0.00938752434254153,-0.0235088987477019,0.6081504385257717,2.046451955766678,0.2971730837912272,0.10554834506085492,0.5801330324767902
1,Model_B,rolling_icir_weight,2018-08-08,2021-09-14,2021-09-15,2022-03-28,"{""volatility_20"": -1.0}",-0.09366724190446118,-0.17856093160293351,0.30158732287797224,-0.5014500349526586,-0.19716238833396027,9.731521076231347,0.00973152107623135,-0.15632804301670122,0.17266580433661818,0.49333880096159327,0.34999437303545955,0.004815671367725112,-0.14967119315883756
2,Model_B,rolling_icir_weight,2019-02-19,2022-03-28,2022-03-29,2022-09-29,"{""volatility_20"": -1.0}",-0.11877890184496642,-0.22344937616643668,0.326138171856444,-0.611585664652283,-0.24711672919705252,10.629623728436568,0.01062962372843657,-0.07745747227290989,-0.05661799148316301,-0.15165690128431691,0.37332947596640614,0.05206392257333296,-0.19202444084884407
3,Model_B,rolling_icir_weight,2019-08-21,2022-09-29,2022-09-30,2023-04-11,"{""volatility_20"": 1.0}",0.11479062283937713,0.24275813277060632,0.15011926625916533,1.5229942568353814,-0.07988371920958193,10.549590847979813,0.01054959084797981,0.07133525295651677,0.07632476943699391,0.34579720386023227,0.2207211874039433,0.05297120390560077,0.22056294759276712
4,Model_B,rolling_icir_weight,2020-03-03,2023-04-11,2023-04-12,2023-10-19,"{""volatility_20"": 1.0}",-0.018768998004871085,-0.03718572072363535,0.1336586748247438,-0.2173299401045289,-0.10033498436328703,12.038930350682332,0.012038930350682332,-0.13819250515225012,0.25830590587252344,1.3854571430017333,0.18644092109040455,0.07804066124039358,-0.006622740488577153
5,Model_B,rolling_icir_weight,2020-09-03,2023-10-19,2023-10-20,2024-04-25,"{""volatility_20"": 1.0}",0.0583840216799858,0.12017673734750067,0.2383512075751724,0.5946446828829665,-0.20374617503269732,11.953923269712742,0.01195392326971274,-0.0009225875467649969,0.13309360734574785,0.5068427196361442,0.2625935071954748,0.21373492238762995,0.13988746511964287
6,Model_B,rolling_icir_weight,2021-03-16,2024-04-25,2024-04-26,2024-11-04,"{""volatility_20"": 1.0}",0.09453046954191358,0.1979969487556419,0.26926315288794234,0.8038565991677752,-0.16825150734402905,11.297702297702298,0.011297702297702297,0.1174071178490097,-0.03580111039369895,-0.10101655231008073,0.3544083575907813,0.06872917843706762,0.19911202210052528
7,Model_B,rolling_icir_weight,2021-09-15,2024-11-04,2024-11-05,2025-05-14,"{""volatility_20"": 1.0}",0.09768764267571295,0.20491816088296377,0.21643328507389037,0.9716616091780894,-0.13114068594342554,10.613875365141189,0.01061387536514119,-0.0003929263123735316,0.1943002526559697,0.6806763997477818,0.28545172526617024,-0.019320079958110865,0.2106090287921206
8,Model_B,rolling_icir_weight,2022-03-29,2025-05-14,2025-05-15,2025-11-17,"{""volatility_20"": 1.0}",0.2605038264300876,0.5888698964448924,0.11646972618679458,4.037008158831217,-0.047709255980899146,11.499999999999998,0.0115,0.16606774683569925,0.15340536289216436,0.8171160898798784,0.18773998553218554,-0.07645315097425635,0.4944083600636825
9,Model_B,rolling_icir_weight,2022-09-30,2025-11-17,2025-11-18,2025-12-24,"{""volatility_20"": 1.0}",0.002990961114665014,0.028266086794840994,0.1455669970755764,0.2622426473375342,-0.03623242901562829,2.9250000000000003,0.002925,0.007831580778808522,-0.0437386800784041,-0.21532745911525936,0.20312634653340655,-0.032971082454595076,0.04087462027501661
0,Model_C,equal_weight,2018-01-29,2021-03-12,2021-03-15,2021-09-13,"{""volatility_20"": 0.3333333333333333, ""volatility_60"": 0.3333333333333333, ""volume_change_20"": 0.3333333333333333}",0.22958735043635148,0.5118850523530871,0.14479937084771816,2.9288179474771807,-0.0773718286201368,31.233745425280986,0.03123374542528099,-0.03006385070671025,0.46863970027789126,2.161974060573512,0.21676471925550028,0.1078599188501462,0.4288960157373128
1,Model_C,equal_weight,2018-08-07,2021-09-13,2021-09-14,2022-03-25,"{""volatility_20"": 0.3333333333333333, ""volatility_60"": 0.3333333333333333, ""volume_change_20"": 0.3333333333333333}",-0.08226876005456651,-0.15776937122821721,0.2067891996966861,-0.7264945112244934,-0.186217324231292,33.033238079962175,0.03303323807996218,-0.16369103664913054,0.19101106694557538,0.7248831202942463,0.26350602131284245,0.08545243644915312,-0.12107123384420651
2,Model_C,equal_weight,2019-02-18,2022-03-25,2022-03-28,2022-09-28,"{""volatility_20"": 0.3333333333333333, ""volatility_60"": 0.3333333333333333, ""volume_change_20"": 0.3333333333333333}",-0.11457248787624397,-0.2160181207743359,0.24202108935739056,-0.8834463756567165,-0.18611291302787714,36.17407844029595,0.03617407844029594,-0.08284925153967948,-0.059285052797302173,-0.19695603206576603,0.3010065351921091,0.06609681083591287,-0.20359887258476483
3,Model_C,equal_weight,2019-08-20,2022-09-28,2022-09-29,2023-04-10,"{""volatility_20"": 0.3333333333333333, ""volatility_60"": 0.3333333333333333, ""volume_change_20"": 0.3333333333333333}",0.08881028613666442,0.1855078391970051,0.1549392232332619,1.1757116218354162,-0.09196237955629205,34.802873557938206,0.034802873557938194,0.07211306157948782,0.028407447048437912,0.1281699891218607,0.22163883482449898,0.07108618404086384,0.17123388980043716
4,Model_C,equal_weight,2020-03-02,2023-04-10,2023-04-11,2023-10-18,"{""volatility_20"": 0.3333333333333333, ""volatility_60"": 0.3333333333333333, ""volume_change_20"": 0.3333333333333333}",-0.06326290610810414,-0.12252361692696545,0.1368776849080689,-0.8868678629956511,-0.10918241480966295,37.20612443734291,0.0372061244373429,-0.12040264957452318,0.12555744066089125,0.6735987119201462,0.1863979821205119,0.08292171440163476,-0.10091491409674228
5,Model_C,equal_weight,2020-09-02,2023-10-18,2023-10-19,2024-04-24,"{""volatility_20"": 0.3333333333333333, ""volatility_60"": 0.3333333333333333, ""volume_change_20"": 0.3333333333333333}",-0.02818898341156073,-0.055583348037344216,0.24363383482520176,-0.11342630169194622,-0.23161528881306526,32.46067090803933,0.03246067090803933,-0.024638700707364403,0.011317619449820848,0.042220446805789805,0.26806015345789364,0.21736345696019443,-0.019167720804494526
6,Model_C,equal_weight,2021-03-15,2024-04-24,2024-04-25,2024-11-01,"{""volatility_20"": 0.3333333333333333, ""volatility_60"": 0.3333333333333333, ""volume_change_20"": 0.3333333333333333}",0.13064300609619783,0.27835360723424696,0.2857777565088072,1.0000299892445323,-0.18497837082314528,31.626373626373617,0.031626373626373626,0.10461094609866994,0.056761877123260834,0.1588570494586842,0.3573141847760654,0.12428744388187501,0.2573214633350524
7,Model_C,equal_weight,2021-09-14,2024-11-01,2024-11-04,2025-05-13,"{""volatility_20"": 0.3333333333333333, ""volatility_60"": 0.3333333333333333, ""volume_change_20"": 0.3333333333333333}",0.05028442703654412,0.10309737767548177,0.21768147963065124,0.5606790293635849,-0.13393804810118282,32.03300064913989,0.032033000649139894,0.0016041048632153831,0.10200599953244989,0.34343193620070506,0.2970195511253693,-0.11027511567178915,0.12425973350402922
8,Model_C,equal_weight,2022-03-28,2025-05-13,2025-05-14,2025-11-14,"{""volatility_20"": 0.3333333333333333, ""volatility_60"": 0.3333333333333333, ""volume_change_20"": 0.3333333333333333}",0.23478490198726343,0.5246937541756957,0.11710077316782576,3.6630761716365265,-0.05059653183005386,34.175,0.034175000000000004,0.18784167381026795,0.07506208163272832,0.38896856347244363,0.19297724464575164,-0.12197686594349957,0.47211507539921505
9,Model_C,equal_weight,2022-09-29,2025-11-14,2025-11-17,2025-12-24,"{""volatility_20"": 0.3333333333333333, ""volatility_60"": 0.3333333333333333, ""volume_change_20"": 0.3333333333333333}",-0.03735913600925933,-0.2901302964922322,0.14597758039597628,-2.274967225457191,-0.04607647060947884,8.200000000000001,0.008199999999999997,0.0012791315733753361,-0.35256753002847324,-1.7684540513743907,0.19936482361781926,0.0030756779909086283,-0.3321571803889638
0,Model_C,rolling_ic_weight,2018-01-29,2021-03-12,2021-03-15,2021-09-13,"{""volatility_20"": -0.06963369182261557, ""volatility_60"": -0.12823552264064855, ""volume_change_20"": -0.8021307855367359}",0.24929492000529474,0.5607377971510359,0.2009042714454592,2.317217775033385,-0.09196413220272659,52.91016925411094,0.05291016925411094,-0.03006385070671025,0.5100876530292404,1.953457549129859,0.26112041864255103,0.08071371131720025,0.469134640120328
1,Model_C,rolling_ic_weight,2018-08-07,2021-09-13,2021-09-14,2022-03-25,"{""volatility_20"": -0.013843290837070907, ""volatility_60"": -0.15415526578260713, ""volume_change_20"": -0.832001443380322}",-0.08462549290888155,-0.16208951176769193,0.2715698354598561,-0.5151170076298415,-0.24349813396234743,52.99646921705745,0.05299646921705746,-0.16369103664913054,0.20135204450111388,0.6328296628452135,0.31817731740928756,0.07281754318035663,-0.11504181614483286
2,Model_C,rolling_ic_weight,2019-02-18,2022-03-25,2022-03-28,2022-09-28,"{""volatility_20"": -0.04286169716802086, ""volatility_60"": -0.19145147718592026, ""volume_change_20"": -0.7656868256460589}",-0.11518921627835366,-0.21710987700988593,0.3015136468074377,-0.6598380180508179,-0.2415599444978238,49.01322931626784,0.04901322931626784,-0.08284925153967948,-0.04442256569671928,-0.12695571995477675,0.3499059807036908,0.07296501081669966,-0.1876750590150232
3,Model_C,rolling_ic_weight,2019-08-20,2022-09-28,2022-09-29,2023-04-10,"{""volatility_20"": 0.03633624118407344, ""volatility_60"": -0.05532732316167419, ""volume_change_20"": -0.9083364356542523}",0.05631769796066344,0.1158070790249155,0.18303915377050423,0.6897375256776844,-0.07803669705678207,58.15141671949505,0.05815141671949505,0.07211306157948782,-0.02750742536125523,-0.11068928193904817,0.24851028825358526,0.017527965800835477,0.1235539361312518
4,Model_C,rolling_ic_weight,2020-03-02,2023-04-10,2023-04-11,2023-10-18,"{""volatility_20"": 0.2729721164725779, ""volatility_60"": 0.28420341675048244, ""volume_change_20"": -0.44282446677693965}",-0.03927648179350596,-0.07701032156493626,0.1356056919614531,-0.5236758150468644,-0.08127411073870583,46.41772507908051,0.04641772507908052,-0.12040264957452318,0.1759364393041944,0.9064197343231009,0.1941004069550414,-0.0024639761600489885,-0.07162189983207273
5,Model_C,rolling_ic_weight,2020-09-02,2023-10-18,2023-10-19,2024-04-24,"{""volatility_20"": 0.3001176691004104, ""volatility_60"": 0.3355098906617916, ""volume_change_20"": -0.3643724402377979}",-0.0011437202196959984,-0.002286132343451097,0.23923072391636324,0.10928715556621597,-0.21168885151665773,35.658376711008295,0.03565837671100829,-0.024638700707364403,0.06509694964193612,0.24856048113274593,0.2618958144322649,0.24315871139052003,0.0356163888286633
6,Model_C,rolling_ic_weight,2021-03-15,2024-04-24,2024-04-25,2024-11-01,"{""volatility_20"": 0.290551337303805, ""volatility_60"": 0.2515374704809046, ""volume_change_20"": -0.4579111922152904}",0.09901724739018558,0.20783891006110045,0.2759041509670337,0.8209301030378684,-0.1921050574241313,41.94105894105894,0.04194105894105894,0.10461094609866994,-0.0025264265626255694,-0.0070758102455044675,0.35705120332059564,0.0805297005312077,0.20805475273774085
7,Model_C,rolling_ic_weight,2021-09-14,2024-11-01,2024-11-04,2025-05-13,"{""volatility_20"": 0.3035916428362613, ""volatility_60"": 0.20729232097273612, ""volume_change_20"": -0.4891160361910025}",0.056437725542331396,0.11606066794905434,0.2687919638058028,0.5474500038474572,-0.19290506407172048,46.03799091204155,0.04603799091204155,0.0016041048632153831,0.12710672044235966,0.44627987857368534,0.28481391733051903,0.36744224300263084,0.13978535463597677
8,Model_C,rolling_ic_weight,2022-03-28,2025-05-13,2025-05-14,2025-11-14,"{""volatility_20"": 0.2814398217634091, ""volatility_60"": 0.18419455067567286, ""volume_change_20"": -0.534365627560918}",0.23306361974514633,0.5204458903390028,0.13473712861885806,3.179382342905056,-0.06563166388784147,49.675000000000004,0.049675,0.18784167381026795,0.07449387742597666,0.3670171073580381,0.20297113113396448,-0.10917020861539177,0.46701476203173603
9,Model_C,rolling_ic_weight,2022-09-29,2025-11-14,2025-11-17,2025-12-24,"{""volatility_20"": 0.27405052637169297, ""volatility_60"": 0.1508779422366599, ""volume_change_20"": -0.575071531391647}",-0.026942169080536593,-0.21792596258344554,0.1648315116214046,-1.4104860733011135,-0.05480442126870311,11.425,0.011424999999999998,0.0012791315733753361,-0.2529658705592469,-1.149257082716101,0.2201125182203786,-0.0735567315361602,-0.23098660115558375
0,Model_C,rolling_icir_weight,2018-01-29,2021-03-12,2021-03-15,2021-09-13,"{""volatility_20"": -0.05414752869190248, ""volatility_60"": -0.09785900177575031, ""volume_change_20"": -0.8479934695323472}",0.26144386739454584,0.5912406305873086,0.20010312602250563,2.422660815986968,-0.09528478746236879,54.97985927492802,0.05497985927492802,-0.03006385070671025,0.5293307067269167,2.0686182995918143,0.25588611820332724,0.11665578285322803,0.4899788665296055
1,Model_C,rolling_icir_weight,2018-08-07,2021-09-13,2021-09-14,2022-03-25,"{""volatility_20"": -0.011037094473002225, ""volatility_60"": -0.12292894960362531, ""volume_change_20"": -0.8660339559233725}",-0.11286623391575323,-0.21299368107318095,0.2682068944300329,-0.7583606298368117,-0.25513923182809983,54.50460866686723,0.05450460866686723,-0.16369103664913054,0.13784473611918838,0.439891888343714,0.3133604864554402,0.09188339937245658,-0.1720430481846428
2,Model_C,rolling_icir_weight,2019-02-18,2022-03-25,2022-03-28,2022-09-28,"{""volatility_20"": -0.03523823403475784, ""volatility_60"": -0.15747834055221543, ""volume_change_20"": -0.8072834254130267}",-0.11088666319476925,-0.20947747431506836,0.29811112752032903,-0.6382637970402631,-0.24308047633221408,51.12651468468928,0.051126514684689275,-0.08284925153967948,-0.035745938763104446,-0.10328464707157335,0.34609150320602367,0.0812911014876418,-0.17771182126075596
3,Model_C,rolling_icir_weight,2019-08-20,2022-09-28,2022-09-29,2023-04-10,"{""volatility_20"": 0.028370463628300646, ""volatility_60"": -0.0434325486391449, ""volume_change_20"": -0.9281969877325544}",0.06845653673377328,0.141599370889129,0.18068489160027576,0.8229108510813513,-0.07313308711213984,58.40302591806547,0.05840302591806547,0.07211306157948782,-0.005068840460735326,-0.02061233764342376,0.2459129356612548,0.024834703773793723,0.1448690633171064
4,Model_C,rolling_icir_weight,2020-03-02,2023-04-10,2023-04-11,2023-10-18,"{""volatility_20"": 0.2387162716473163, ""volatility_60"": 0.24923505986868663, ""volume_change_20"": -0.5120486684839971}",-0.05192892887209988,-0.10116124409039617,0.13709188015207546,-0.7098219216125511,-0.08361382086157576,51.3206664198445,0.05132066641984448,-0.12040264957452318,0.1496390387600785,0.7599708037123087,0.19690103623602523,-0.02043470682947242,-0.10235716980929153
5,Model_C,rolling_icir_weight,2020-09-02,2023-10-18,2023-10-19,2024-04-24,"{""volatility_20"": 0.26859919174759833, ""volatility_60"": 0.2975804247522468, ""volume_change_20"": -0.43382038350015484}",-0.018690551970014235,-0.037031767207084676,0.2484744942507341,-0.02820956516438611,-0.2295070786302933,41.799043062200965,0.04179904306220095,-0.024638700707364403,0.03194274686381619,0.11796128739104458,0.27079008351210343,0.23796636783442823,0.0022599333427795383
6,Model_C,rolling_icir_weight,2021-03-15,2024-04-24,2024-04-25,2024-11-01,"{""volatility_20"": 0.24797138021686319, ""volatility_60"": 0.2067972023340326, ""volume_change_20"": -0.5452314174491043}",0.11894787821124231,0.2520443541534412,0.2859166226007559,0.927560120860819,-0.1916268686472019,48.48384948384949,0.04848384948384948,0.10461094609866994,0.036180407371106185,0.10147667511833806,0.3565391488134001,0.1294542190946806,0.2355566757333477
7,Model_C,rolling_icir_weight,2021-09-14,2024-11-01,2024-11-04,2025-05-13,"{""volatility_20"": 0.25514468262698214, ""volatility_60"": 0.16280695371022166, ""volume_change_20"": -0.5820483636627962}",0.09280484295707181,0.19422242479043028,0.2775435503616447,0.7829383905947329,-0.1995343599834407,52.02801850048686,0.052028018500486856,0.0016041048632153831,0.19725605946280156,0.6827075946520001,0.28893198348459836,0.40358732843059836,0.20921022176279488
8,Model_C,rolling_icir_weight,2022-03-28,2025-05-13,2025-05-14,2025-11-14,"{""volatility_20"": 0.22941520880393426, ""volatility_60"": 0.14150764355591933, ""volume_change_20"": -0.6290771476401466}",0.22767229964016278,0.5071792753037656,0.1392783700954815,3.0171295380962726,-0.05655791670986943,55.225,0.055224999999999996,0.18784167381026795,0.06633391419443355,0.3204730818025672,0.20698747558242558,-0.1198018367586695,0.46261719347252034
9,Model_C,rolling_icir_weight,2022-09-29,2025-11-14,2025-11-17,2025-12-24,"{""volatility_20"": 0.22383169670285316, ""volatility_60"": 0.11566176664446427, ""volume_change_20"": -0.6605065366526824}",-0.03024502028924836,-0.24149549333659592,0.17805537927757117,-1.464947402162056,-0.0621724466368091,12.625,0.012625,0.0012791315733753361,-0.28131508428974245,-1.2337059725144848,0.2280244163172677,-0.04690917892410878,-0.25988137873063777
0,Model_D,equal_weight,2018-01-29,2021-03-12,2021-03-15,2021-09-13,"{""momentum_20"": 0.2, ""momentum_60"": 0.2, ""volatility_20"": 0.2, ""volatility_60"": 0.2, ""volume_change_20"": 0.2}",0.25688051787235433,0.5797486362070776,0.18130648246781034,2.614341984849417,-0.07088528990016452,38.699968889812226,0.038699968889812225,-0.03006385070671025,0.5185458533966516,2.1788336110537125,0.23799240601299332,0.14179516028869016,0.4803139398873707
1,Model_D,equal_weight,2018-08-07,2021-09-13,2021-09-14,2022-03-25,"{""momentum_20"": 0.2, ""momentum_60"": 0.2, ""volatility_20"": 0.2, ""volatility_60"": 0.2, ""volume_change_20"": 0.2}",-0.10978725737898021,-0.20752127287516198,0.21907175768457374,-0.9515796700924766,-0.18555664328051047,35.61486265965524,0.03561486265965523,-0.16369103664913054,0.1327780546016576,0.4921413353507716,0.2697965910687437,0.11460642902203597,-0.16935567113093666
2,Model_D,equal_weight,2019-02-18,2022-03-25,2022-03-28,2022-09-28,"{""momentum_20"": 0.2, ""momentum_60"": 0.2, ""volatility_20"": 0.2, ""volatility_60"": 0.2, ""volume_change_20"": 0.2}",-0.06418645761667208,-0.1242530138919673,0.23605403746848475,-0.4435962900248247,-0.17222185547526747,35.81407249466952,0.03581407249466951,-0.08284925153967948,0.04981490616157411,0.17373721634687375,0.286725591724208,0.1411533183126932,-0.08290061155394096
3,Model_D,equal_weight,2019-08-20,2022-09-28,2022-09-29,2023-04-10,"{""momentum_20"": 0.2, ""momentum_60"": 0.2, ""volatility_20"": 0.2, ""volatility_60"": 0.2, ""volume_change_20"": 0.2}",0.0443418707194585,0.09064994293781825,0.15259204862487769,0.6445932672434118,-0.09755932526429933,37.727922940994524,0.03772792294099453,0.07211306157948782,-0.055396591206584626,-0.24359774926479313,0.22741011102843978,0.01450558191886565,0.09612948114615114
4,Model_D,equal_weight,2020-03-02,2023-04-10,2023-04-11,2023-10-18,"{""momentum_20"": 0.2, ""momentum_60"": 0.2, ""volatility_20"": 0.2, ""volatility_60"": 0.2, ""volume_change_20"": 0.2}",-0.07315772070685556,-0.14096338931468888,0.135583807313319,-1.053075145713194,-0.11679048588593233,32.56760186285781,0.03256760186285781,-0.12040264957452318,0.10416992292427933,0.590366810019334,0.17644949064949614,0.16778363094872098,-0.10134579337459422
5,Model_D,equal_weight,2020-09-02,2023-10-18,2023-10-19,2024-04-24,"{""momentum_20"": 0.2, ""momentum_60"": 0.2, ""volatility_20"": 0.2, ""volatility_60"": 0.2, ""volume_change_20"": 0.2}",-0.05702546741222114,-0.11079903089085996,0.22280805975192078,-0.4161108883323643,-0.21711217816166173,28.917004048582992,0.02891700404858299,-0.024638700707364403,-0.053760755369912094,-0.21973784662225943,0.24465860659101468,0.26902076522279567,-0.08223393476487019
6,Model_D,equal_weight,2021-03-15,2024-04-24,2024-04-25,2024-11-01,"{""momentum_20"": 0.2, ""momentum_60"": 0.2, ""volatility_20"": 0.2, ""volatility_60"": 0.2, ""volume_change_20"": 0.2}",0.065442877507639,0.13516852523175782,0.3257688025825426,0.5493876831886237,-0.22926550242260801,30.293373293373286,0.030293373293373293,0.10461094609866994,-0.05005108193861298,-0.1348075935969399,0.37127791249104486,0.2409309004746744,0.12379430082237268
7,Model_D,equal_weight,2021-09-14,2024-11-01,2024-11-04,2025-05-13,"{""momentum_20"": 0.2, ""momentum_60"": 0.2, ""volatility_20"": 0.2, ""volatility_60"": 0.2, ""volume_change_20"": 0.2}",-0.03796723277207825,-0.07449295477978735,0.24810028158578568,-0.1873003733564384,-0.17154469734347644,35.67042386430572,0.03567042386430572,0.0016041048632153831,-0.06651271654814787,-0.21028549154934723,0.3162972207834866,-0.07522658628773558,-0.04496147571362836
8,Model_D,equal_weight,2022-03-28,2025-05-13,2025-05-14,2025-11-14,"{""momentum_20"": 0.2, ""momentum_60"": 0.2, ""volatility_20"": 0.2, ""volatility_60"": 0.2, ""volume_change_20"": 0.2}",0.20393961340902877,0.4494705927354816,0.14436389034457842,2.644531943885406,-0.05119603311429022,37.77499999999999,0.03777500000000001,0.18784167381026795,0.02788794932125934,0.12355864619473718,0.2257061741944466,-0.2957862737226962,0.4864498278056824
9,Model_D,equal_weight,2022-09-29,2025-11-14,2025-11-17,2025-12-24,"{""momentum_20"": 0.2, ""momentum_60"": 0.2, ""volatility_20"": 0.2, ""volatility_60"": 0.2, ""volume_change_20"": 0.2}",-0.04854503120695641,-0.3610098754050636,0.16248537515702988,-2.6751140184508864,-0.051766474713573984,7.8500000000000005,0.00785,0.0012791315733753361,-0.4551402238519071,-2.286161091982701,0.19908493126229407,0.14332602180055512,-0.43760126423771806
0,Model_D,rolling_ic_weight,2018-01-29,2021-03-12,2021-03-15,2021-09-13,"{""momentum_20"": -0.3062276443951994, ""momentum_60"": -0.1660308986431653, ""volatility_20"": -0.03674858597608465, ""volatility_60"": -0.06767520155261264, ""volume_change_20"": -0.42331766943293797}",0.23588451196258187,0.5274105269089893,0.19319220325973346,2.2901281297788536,-0.11239685019109336,41.57431914331042,0.04157431914331042,-0.03006385070671025,0.48698360329475965,1.9459879465017293,0.25025006150228324,0.11868397174712977,0.4477221162844547
1,Model_D,rolling_ic_weight,2018-08-07,2021-09-13,2021-09-14,2022-03-25,"{""momentum_20"": -0.21649812921878092, ""momentum_60"": -0.1813814147505721, ""volatility_20"": -0.00833532859178201, ""volatility_60"": -0.09282003893254899, ""volume_change_20"": -0.5009650885063159}",-0.12420166907753061,-0.23297728355341685,0.26567564455636977,-0.8647861875331665,-0.25176056984219686,43.521020808647016,0.043521020808647025,-0.16369103664913054,0.1114896577294036,0.36520978015727007,0.30527566288447394,0.14861244600044257,-0.17903977704853272
2,Model_D,rolling_ic_weight,2019-02-18,2022-03-25,2022-03-28,2022-09-28,"{""momentum_20"": -0.13210569999879793, ""momentum_60"": -0.21289187120068415, ""volatility_20"": -0.028074515747565944, ""volatility_60"": -0.12540118255422472, ""volume_change_20"": -0.5015267304987273}",-0.08615731068676158,-0.164891539188748,0.30575575968149715,-0.4354985870042816,-0.25072604765725326,44.03338462634184,0.04403338462634184,-0.08284925153967948,0.021371400118262156,0.05999239830441515,0.3562351351552706,0.04731923424132452,-0.12584407354099236
3,Model_D,rolling_ic_weight,2019-08-20,2022-09-28,2022-09-29,2023-04-10,"{""momentum_20"": 0.03421083481942859, ""momentum_60"": -0.32910846668048704, ""volatility_20"": 0.023134583417943416, ""volatility_60"": -0.03522583875671463, ""volume_change_20"": -0.5783202763254264}",0.11400722073182545,0.24101208784264605,0.19318691242417016,1.2138653939288013,-0.08218800916397395,51.15056809655498,0.05115056809655498,0.07211306157948782,0.08074650916659419,0.3222767001281786,0.250550254282978,0.06533770398085201,0.22445681750880928
4,Model_D,rolling_ic_weight,2020-03-02,2023-04-10,2023-04-11,2023-10-18,"{""momentum_20"": -0.08539852585843159, ""momentum_60"": -0.28976285468713275, ""volatility_20"": 0.17056352040628103, ""volatility_60"": 0.1775812705666051, ""volume_change_20"": -0.2766938284815496}",-0.08017213595373995,-0.1539167005240949,0.16681228343860613,-0.9191284870769971,-0.08877931429264241,40.92568379482583,0.040925683794825835,-0.12040264957452318,0.09362793886431711,0.4215016092479167,0.22212949324529746,-0.060539446819150584,-0.16827212965358393
5,Model_D,rolling_ic_weight,2020-09-02,2023-10-18,2023-10-19,2024-04-24,"{""momentum_20"": -0.0956237491380256, ""momentum_60"": -0.20585750956724175, ""volatility_20"": 0.20963781646032775, ""volatility_60"": 0.2343599465170081, ""volume_change_20"": -0.25452097831739684}",-0.10183595211911678,-0.19330134309422653,0.30970222610783243,-0.5391680770542054,-0.31672125062198586,38.17285346232714,0.038172853462327155,-0.024638700707364403,-0.12802944940889657,-0.38553624539372194,0.3320814863415729,0.175216171066316,-0.16015651513935747
6,Model_D,rolling_ic_weight,2021-03-15,2024-04-24,2024-04-25,2024-11-01,"{""momentum_20"": -0.12943374893901005, ""momentum_60"": -0.24784555353617535, ""volatility_20"": 0.18093233143259313, ""volatility_60"": 0.15663758907149633, ""volume_change_20"": -0.28515077702072505}",0.11904964303029497,0.25227210356623053,0.3120266448458768,0.874961576037128,-0.20616389152001602,38.50382950382951,0.0385038295038295,0.10461094609866994,0.043986875295357275,0.1149024412345853,0.38281932762032006,0.09827181317159853,0.2505046770127263
7,Model_D,rolling_ic_weight,2021-09-14,2024-11-01,2024-11-04,2025-05-13,"{""momentum_20"": -0.19492266217244456, ""momentum_60"": -0.23264061155393823, ""volatility_20"": 0.17378700614921866, ""volatility_60"": 0.11866173759929295, ""volume_change_20"": -0.2799879825251056}",0.14092628454538603,0.30171278676653923,0.2801689910354421,1.0869591134638945,-0.1925840265301687,37.528797468354426,0.037528797468354434,0.0016041048632153831,0.2844887969386651,0.930991711829744,0.30557607906040224,0.27759091759173543,0.2989683608878572
8,Model_D,rolling_ic_weight,2022-03-28,2025-05-13,2025-05-14,2025-11-14,"{""momentum_20"": -0.24275866393964285, ""momentum_60"": -0.21399671685823657, ""volatility_20"": 0.1528906688021759, ""volatility_60"": 0.10006269854091163, ""volume_change_20"": -0.29029125185903315}",0.26580799128990007,0.6022698708133718,0.14351849062775424,3.3590626481830475,-0.047397776849185336,37.775000000000006,0.03777500000000001,0.18784167381026795,0.12820063095274983,0.5964942587740675,0.21492349518372827,-0.17661816338291125,0.5445904679199732
9,Model_D,rolling_ic_weight,2022-09-29,2025-11-14,2025-11-17,2025-12-24,"{""momentum_20"": -0.2373347083046159, ""momentum_60"": -0.19521248447689293, ""volatility_20"": 0.15551074050932234, ""volatility_60"": 0.08561611186954203, ""volume_change_20"": -0.32632595483962684}",-0.021973868291842225,-0.18124469109635943,0.1851728369417048,-0.9898641213533651,-0.052028464573510735,9.899999999999999,0.0099,0.0012791315733753361,-0.20376926651389574,-0.8345014885007063,0.24418083049797137,-0.1828555992080864,-0.17955228652866004
0,Model_D,rolling_icir_weight,2018-01-29,2021-03-12,2021-03-15,2021-09-13,"{""momentum_20"": -0.2757009767643857, ""momentum_60"": -0.15337067354979328, ""volatility_20"": -0.03091435919563353, ""volatility_60"": -0.055870478385730955, ""volume_change_20"": -0.48414351210445655}",0.2250709925618808,0.5007989368165517,0.19006178568916607,2.2321362536464724,-0.10715987042663588,44.571075709501145,0.04457107570950115,-0.03006385070671025,0.4687925064252643,1.8934736031732355,0.24758333342467734,0.1206106251417403,0.4296168493270461
1,Model_D,rolling_icir_weight,2018-08-07,2021-09-13,2021-09-14,2022-03-25,"{""momentum_20"": -0.18685302667422535, ""momentum_60"": -0.15963641924872238, ""volatility_20"": -0.007212857724452454, ""volatility_60"": -0.0803353659675752, ""volume_change_20"": -0.5659623303850245}",-0.15493259653359726,-0.2858610835985521,0.2645085852911199,-1.1394254862452864,-0.2632294180576764,46.5201368082459,0.04652013680824591,-0.16369103664913054,0.039854462094336324,0.13054940401654316,0.30528260465506213,0.13893019539740692,-0.25397896600821923
2,Model_D,rolling_icir_weight,2019-02-18,2022-03-25,2022-03-28,2022-09-28,"{""momentum_20"": -0.11563373262051713, ""momentum_60"": -0.18448935866075164, ""volatility_20"": -0.0246624263049535, ""volatility_60"": -0.11021545417584014, ""volume_change_20"": -0.5649990282379376}",-0.10051653260299309,-0.19092949187945762,0.2989623614050234,-0.5580737931720599,-0.24287876446822076,46.33917842282922,0.04633917842282921,-0.08284925153967948,-0.012315457617002736,-0.03518786819123738,0.34999158090712584,0.051400429533709664,-0.15890027395676573
3,Model_D,rolling_icir_weight,2019-08-20,2022-09-28,2022-09-29,2023-04-10,"{""momentum_20"": 0.029306185981962517, ""momentum_60"": -0.2699718858980619, ""volatility_20"": 0.019879805975280468, ""volatility_60"": -0.03043413922558624, ""volume_change_20"": -0.650407982919109}",0.09359332956752264,0.1959463704745803,0.18998645150598628,1.036376007619837,-0.08357909936962282,54.2691811447069,0.054269181144706906,0.07211306157948782,0.04314100172857387,0.17362045223366748,0.2484788005880348,0.06204855443062282,0.18735703785938182
4,Model_D,rolling_icir_weight,2020-03-02,2023-04-10,2023-04-11,2023-10-18,"{""momentum_20"": -0.07788145535340968, ""momentum_60"": -0.2530242657051777, ""volatility_20"": 0.15972369164944347, ""volatility_60"": 0.1667617526697587, ""volume_change_20"": -0.3426088346222105}",-0.07349913688190657,-0.14159615064142794,0.16362326583413445,-0.8519461744636633,-0.08234486105703254,47.918525172613116,0.04791852517261313,-0.12040264957452318,0.10755164518646047,0.4886909258695531,0.2200811177230031,-0.06439405623446559,-0.1553003185890933
5,Model_D,rolling_icir_weight,2020-09-02,2023-10-18,2023-10-19,2024-04-24,"{""momentum_20"": -0.08684392502243843, ""momentum_60"": -0.17536069915490357, ""volatility_20"": 0.1981712416210815, ""volatility_60"": 0.2195534613175501, ""volume_change_20"": -0.32007067288402635}",-0.08432523060966501,-0.16153971670195688,0.307063939683709,-0.42050842867296867,-0.3025975695470433,43.405313984261355,0.04340531398426135,-0.024638700707364403,-0.09017087047745752,-0.2738553457219806,0.329264598577526,0.18054679840673132,-0.12209029705576432
6,Model_D,rolling_icir_weight,2021-03-15,2024-04-24,2024-04-25,2024-11-01,"{""momentum_20"": -0.11494891891384075, ""momentum_60"": -0.21017333971302388, ""volatility_20"": 0.1673503650059356, ""volatility_60"": 0.13956282883347518, ""volume_change_20"": -0.3679645475337246}",0.09921465169743082,0.20827285050630406,0.31409202500847844,0.7571913273007265,-0.22155945303748836,44.58374958374958,0.04458374958374958,0.10461094609866994,0.008803307666174591,0.02300200493811999,0.38271914512918576,0.10945932934355511,0.21275889464937145
7,Model_D,rolling_icir_weight,2021-09-14,2024-11-01,2024-11-04,2025-05-13,"{""momentum_20"": -0.17552013495104254, ""momentum_60"": -0.20011884827909007, ""volatility_20"": 0.1593023934684077, ""volatility_60"": 0.1016503151557187, ""volume_change_20"": -0.36340830814574093}",0.09825758495220249,0.20616972290504432,0.2898369147665764,0.7976135103447545,-0.20865097065304705,42.90920155793573,0.04290920155793573,0.0016041048632153831,0.2111343978371697,0.6789850367861935,0.3109558921011305,0.3103789301872785,0.22495677718458276
8,Model_D,rolling_icir_weight,2022-03-28,2025-05-13,2025-05-14,2025-11-14,"{""momentum_20"": -0.21842270411655373, ""momentum_60"": -0.19046014647680742, ""volatility_20"": 0.13561126425871042, ""volatility_60"": 0.08364759487802574, ""volume_change_20"": -0.3718582902699026}",0.268424572361063,0.6089008957693456,0.14535983915952688,3.3468146570070068,-0.051520873268632306,43.300000000000004,0.043300000000000005,0.18784167381026795,0.13260547000073739,0.6119868545947628,0.2166802587427214,-0.18260063700102258,0.5511124264312063
9,Model_D,rolling_icir_weight,2022-09-29,2025-11-14,2025-11-17,2025-12-24,"{""momentum_20"": -0.2114146989051404, ""momentum_60"": -0.17571424509328565, ""volatility_20"": 0.13717996832490165, ""volatility_60"": 0.07088574906240044, ""volume_change_20"": -0.40480533861427187}",-0.022833147265369114,-0.18769609977004298,0.18645333187604826,-1.0241407794881816,-0.05111544382898214,10.8,0.0108,0.0012791315733753361,-0.21142777962179019,-0.8657892917874371,0.24420234995664344,-0.1703129904901003,-0.18746758846562997
0,Model_E,equal_weight,2018-01-29,2021-03-12,2021-03-15,2021-09-13,"{""momentum_20"": 0.3333333333333333, ""volatility_20"": 0.3333333333333333, ""volume_change_20"": 0.3333333333333333}",0.1763837780281594,0.3838787932078058,0.1953023435749718,1.7617525609626938,-0.0745394629512297,49.318190226469575,0.04931819022646958,-0.03006385070671025,0.3886231081109126,1.6024322989036466,0.24252076569899464,0.18843930588726066,0.35246913084449766
1,Model_E,equal_weight,2018-08-07,2021-09-13,2021-09-14,2022-03-25,"{""momentum_20"": 0.3333333333333333, ""volatility_20"": 0.3333333333333333, ""volume_change_20"": 0.3333333333333333}",-0.1127532194719656,-0.2127931504426379,0.22931693158264443,-0.9283694651797924,-0.1925184185473422,46.82949670031969,0.0468294967003197,-0.16369103664913054,0.12835144837567267,0.45605104847476136,0.2814409676393406,0.08624329493390397,-0.18346097805726105
2,Model_E,equal_weight,2019-02-18,2022-03-25,2022-03-28,2022-09-28,"{""momentum_20"": 0.3333333333333333, ""volatility_20"": 0.3333333333333333, ""volume_change_20"": 0.3333333333333333}",-0.1406428552718999,-0.2615052978047673,0.25006131803406617,-1.0858861484139686,-0.19159688763717353,47.32272549258636,0.04732272549258636,-0.08284925153967948,-0.11701052007935761,-0.3897609727306556,0.300210970994825,0.1261721719815355,-0.2520410384040679
3,Model_E,equal_weight,2019-08-20,2022-09-28,2022-09-29,2023-04-10,"{""momentum_20"": 0.3333333333333333, ""volatility_20"": 0.3333333333333333, ""volume_change_20"": 0.3333333333333333}",0.0671427235025901,0.13879359232452537,0.15930130099962586,0.895155505289907,-0.1251313944965693,49.38550174716487,0.049385501747164884,0.07211306157948782,-0.011156961795400499,-0.047912567746008446,0.2328608613619957,0.007397589317941493,0.14146200989940122
4,Model_E,equal_weight,2020-03-02,2023-04-10,2023-04-11,2023-10-18,"{""momentum_20"": 0.3333333333333333, ""volatility_20"": 0.3333333333333333, ""volume_change_20"": 0.3333333333333333}",-0.13112914089499283,-0.24506343019812682,0.1596474684169646,-1.6805545882641302,-0.1474554368893023,47.423366004793536,0.04742336600479354,-0.12040264957452318,-0.021346424985780342,-0.11162103820134069,0.1912401580361215,0.21118750711685075,-0.2161435601168624
5,Model_E,equal_weight,2020-09-02,2023-10-18,2023-10-19,2024-04-24,"{""momentum_20"": 0.3333333333333333, ""volatility_20"": 0.3333333333333333, ""volume_change_20"": 0.3333333333333333}",-0.1768273425193484,-0.3223867759762419,0.25590865723319417,-1.3922086240582419,-0.2790138290355423,43.35321476768845,0.04335321476768845,-0.024638700707364403,-0.31732613527014747,-1.1357962734406812,0.2793864909495324,0.2158083527520282,-0.3478720501057786
6,Model_E,equal_weight,2021-03-15,2024-04-24,2024-04-25,2024-11-01,"{""momentum_20"": 0.3333333333333333, ""volatility_20"": 0.3333333333333333, ""volume_change_20"": 0.3333333333333333}",-0.025034105917202898,-0.049441505375332095,0.3613403677180163,0.03624694581714274,-0.3014284061994861,44.430486375634054,0.04443048637563406,0.10461094609866994,-0.2159269649143467,-0.5551314013087779,0.3889655033119677,0.33072292253388735,-0.06264615058794526
7,Model_E,equal_weight,2021-09-14,2024-11-01,2024-11-04,2025-05-13,"{""momentum_20"": 0.3333333333333333, ""volatility_20"": 0.3333333333333333, ""volume_change_20"": 0.3333333333333333}",-0.05422733315654249,-0.10551406265181429,0.25698057909410127,-0.30476942060919765,-0.1576051747029581,44.30818313535043,0.04430818313535044,0.0016041048632153831,-0.0983632633756181,-0.3012534294942532,0.3265133397510235,-0.10633800538380103,-0.07618844264250449
8,Model_E,equal_weight,2022-03-28,2025-05-13,2025-05-14,2025-11-14,"{""momentum_20"": 0.3333333333333333, ""volatility_20"": 0.3333333333333333, ""volume_change_20"": 0.3333333333333333}",0.13591280139232165,0.2902978923669519,0.15030174860025114,1.7710125890483819,-0.0605652814834875,49.12528915812034,0.04912528915812034,0.18784167381026795,-0.08770068131151826,-0.387508822900133,0.22631918585791808,-0.25685695646314227,0.3570846190344658
9,Model_E,equal_weight,2022-09-29,2025-11-14,2025-11-17,2025-12-24,"{""momentum_20"": 0.3333333333333333, ""volatility_20"": 0.3333333333333333, ""volume_change_20"": 0.3333333333333333}",-0.04196738494291685,-0.3201350543082544,0.1810358869745818,-2.0422093056135187,-0.06777022125830123,10.318209876543207,0.010318209876543211,0.0012791315733753361,-0.39018649200557315,-1.7607105661222182,0.2216074007353283,0.05970421713194001,-0.3709355165110477
0,Model_E,rolling_ic_weight,2018-01-29,2021-03-12,2021-03-15,2021-09-13,"{""momentum_20"": -0.39962166536029653, ""volatility_20"": -0.04795625540732274, ""volume_change_20"": -0.5524220792323808}",0.21804970902735898,0.4836450936616339,0.187446148688928,2.1992907013248746,-0.10980799062515745,43.189389694710954,0.04318938969471094,-0.03006385070671025,0.4567972759664094,1.8789559223416925,0.2431122894022523,0.13879335646712265,0.41843163598674815
1,Model_E,rolling_ic_weight,2018-08-07,2021-09-13,2021-09-14,2022-03-25,"{""momentum_20"": -0.2982895602607879, ""volatility_20"": -0.011484355588861789, ""volume_change_20"": -0.6902260841503502}",-0.15819053112561954,-0.2913568181134335,0.263731745318634,-1.1729113246758955,-0.2582796022324475,48.47595553955846,0.04847595553955849,-0.16369103664913054,0.03190833474495832,0.10382829233390375,0.3073183043629725,0.11317131208134325,-0.27071511357244593
2,Model_E,rolling_ic_weight,2019-02-18,2022-03-25,2022-03-28,2022-09-28,"{""momentum_20"": -0.19964381626706848, ""volatility_20"": -0.04242741580223243, ""volume_change_20"": -0.7579287679306992}",-0.10584530639493361,-0.20048738390402987,0.29188889937776263,-0.6192067354503878,-0.23144920821334647,50.69492073627279,0.050694920736272804,-0.08284925153967948,-0.026211971069936252,-0.0760022575663308,0.34488411146287085,0.04286198837760736,-0.17411621224148563
3,Model_E,rolling_ic_weight,2019-08-20,2022-09-28,2022-09-29,2023-04-10,"{""momentum_20"": 0.05381891002149849, ""volatility_20"": 0.03639426134810538, ""volume_change_20"": -0.9097868286303961}",0.07612338962185672,0.1580415496912344,0.1736166976186292,0.9316589651594179,-0.07283510956934502,59.08515292669258,0.05908515292669257,0.07211306157948782,0.00799515445270767,0.03314412859055345,0.2412238545015302,0.021077108808563866,0.15851081249899285
4,Model_E,rolling_ic_weight,2020-03-02,2023-04-10,2023-04-11,2023-10-18,"{""momentum_20"": -0.16032588751435875, ""volatility_20"": 0.32021334691470593, ""volume_change_20"": -0.5194607655709353}",-0.07652441627756379,-0.1471928462685057,0.15067824801044732,-0.9817764708282626,-0.08742564629329397,55.87440038452294,0.05587440038452293,-0.12040264957452318,0.09901750200481979,0.4708609289824596,0.2102903339608124,-0.060615425039467694,-0.16290132932399487
5,Model_E,rolling_ic_weight,2020-09-02,2023-10-18,2023-10-19,2024-04-24,"{""momentum_20"": -0.17082302793710802, ""volatility_20"": 0.3744986669178437, ""volume_change_20"": -0.45467830514504826}",-0.12535690694671642,-0.23499945977418513,0.30999934677888447,-0.7084419449943102,-0.3096469188832478,49.81050528418951,0.04981050528418949,-0.024638700707364403,-0.18066443587792833,-0.544597585756092,0.3317393257024871,0.18451602063463762,-0.21242925289801984
6,Model_E,rolling_ic_weight,2021-03-15,2024-04-24,2024-04-25,2024-11-01,"{""momentum_20"": -0.2173469102214494, ""volatility_20"": 0.3038240298097798, ""volume_change_20"": -0.4788290599687708}",0.11877976662503187,0.2516681662095608,0.30928527098437586,0.8786491433608609,-0.20559589254450683,49.76889776889778,0.04976889776889776,0.10461094609866994,0.042728788759985335,0.11293244038844162,0.3783570833412942,0.1121008219333095,0.24607940935657352
7,Model_E,rolling_ic_weight,2021-09-14,2024-11-01,2024-11-04,2025-05-13,"{""momentum_20"": -0.3004830708389415, ""volatility_20"": 0.2679013958542445, ""volume_change_20"": -0.43161553330681407}",0.10516184334683953,0.22138269998978433,0.32256528432529374,0.7885316221947343,-0.22729295162968288,48.09281888997079,0.04809281888997078,0.0016041048632153831,0.23430948573543686,0.7016900980690695,0.3339216078154962,0.3885826568095708,0.2465643932884508
8,Model_E,rolling_ic_weight,2022-03-28,2025-05-13,2025-05-14,2025-11-14,"{""momentum_20"": -0.3539062557158706, ""volatility_20"": 0.2228920000281698, ""volume_change_20"": -0.42320174425595963}",0.28390674204121646,0.6484165222588907,0.14855833242774003,3.4415280543965334,-0.05431022782248418,44.974999999999994,0.044975,0.18784167381026795,0.15738069852588543,0.722172835840402,0.21792663849331784,-0.17206825944788418,0.5721603837746658
9,Model_E,rolling_ic_weight,2022-09-29,2025-11-14,2025-11-17,2025-12-24,"{""momentum_20"": -0.33001132567131847, ""volatility_20"": 0.2162359900842693, ""volume_change_20"": -0.4537526842444122}",-0.0025337033333460157,-0.022573583629205807,0.190793266761842,-0.027391031378505855,-0.049074104736094304,11.1,0.0111,0.0012791315733753361,-0.025699343332766522,-0.10370844739847442,0.24780376119240377,-0.1739432723062692,-0.0016648282590110489
0,Model_E,rolling_icir_weight,2018-01-29,2021-03-12,2021-03-15,2021-09-13,"{""momentum_20"": -0.34865367291079113, ""volatility_20"": -0.03909454730895768, ""volume_change_20"": -0.6122517797802512}",0.2124963133518023,0.47014730989171194,0.19009073289275444,2.123110864058997,-0.10836108796623922,46.3284089525992,0.046328408952599195,-0.03006385070671025,0.44813240431723395,1.817466139687119,0.24656987799199442,0.1283238927839606,0.4093003632972829
1,Model_E,rolling_icir_weight,2018-08-07,2021-09-13,2021-09-14,2022-03-25,"{""momentum_20"": -0.24585011850830057, ""volatility_20"": -0.009490249946188082, ""volume_change_20"": -0.7446596315455114}",-0.14838071286725518,-0.27474458978351557,0.2594697793989792,-1.1072893339575063,-0.265154768720709,50.73615665502188,0.050736156655021895,-0.16369103664913054,0.05393416629292649,0.17815213978960281,0.3027421750680211,0.1219032611016721,-0.24570957178386138
2,Model_E,rolling_icir_weight,2019-02-18,2022-03-25,2022-03-28,2022-09-28,"{""momentum_20"": -0.1639508318291221, ""volatility_20"": -0.034967523887610936, ""volume_change_20"": -0.801081644283267}",-0.09512985435621812,-0.18121001952260096,0.2891305179802503,-0.545597975177831,-0.22843406189587168,52.09558833857418,0.05209558833857418,-0.08284925153967948,-0.003221423744167163,-0.009428776253762589,0.34165873252975343,0.05114819543301436,-0.14984521721450894
3,Model_E,rolling_icir_weight,2019-08-20,2022-09-28,2022-09-29,2023-04-10,"{""momentum_20"": 0.041890277838859555, ""volatility_20"": 0.02841620524075279, ""volume_change_20"": -0.9296935169203876}",0.07126614545166676,0.14761115439087158,0.1749484542594137,0.8741341874132457,-0.07433480138034954,58.967681431052064,0.05896768143105206,0.07211306157948782,-0.0008279734818042554,-0.0034275221641331833,0.24156619334762175,0.02618163755554049,0.14890283060889298
4,Model_E,rolling_icir_weight,2020-03-02,2023-04-10,2023-04-11,2023-10-18,"{""momentum_20"": -0.13422884973450527, ""volatility_20"": 0.2752841136335413, ""volume_change_20"": -0.5904870366319533}",-0.06865592430298861,-0.13259821266407956,0.1553957232237687,-0.8382860955998287,-0.090244232605873,58.654637463707395,0.05865463746370739,-0.12040264957452318,0.11668378647293762,0.5489057865818238,0.2125752530312302,-0.0481702542843641,-0.14216171167317027
5,Model_E,rolling_icir_weight,2020-09-02,2023-10-18,2023-10-19,2024-04-24,"{""momentum_20"": -0.14352331413051503, ""volatility_20"": 0.32750930310286963, ""volume_change_20"": -0.5289673827666154}",-0.13447496150731553,-0.250866407742237,0.31798111488873826,-0.7487925941674947,-0.31744635401476873,52.67992533782007,0.052679925337820066,-0.024638700707364403,-0.19914979961274032,-0.587889932255114,0.3387535466865582,0.19151272089870014,-0.23064208043438247
6,Model_E,rolling_icir_weight,2021-03-15,2024-04-24,2024-04-25,2024-11-01,"{""momentum_20"": -0.17677273954619527, ""volatility_20"": 0.2573576399472596, ""volume_change_20"": -0.5658696205065451}",0.14575175803670204,0.3127470910441934,0.3099410270536222,1.031280363597807,-0.1985535042007046,53.25474525474525,0.053254745254745245,0.10461094609866994,0.09061164542916915,0.24156543199234426,0.37510187066848555,0.13544768899301235,0.288615262646484
7,Model_E,rolling_icir_weight,2021-09-14,2024-11-01,2024-11-04,2025-05-13,"{""momentum_20"": -0.2513783776930839, ""volatility_20"": 0.22815147244436293, ""volume_change_20"": -0.5204701498625531}",0.09317126279060406,0.19502340979120403,0.33091019032818775,0.7114638466759546,-0.23470373358194452,51.32836741317754,0.05132836741317753,0.0016041048632153831,0.21538719573787193,0.6346574227820193,0.33937552450536657,0.4152005462275356,0.22710858919007326
8,Model_E,rolling_icir_weight,2022-03-28,2025-05-13,2025-05-14,2025-11-14,"{""momentum_20"": -0.30090237430583194, ""volatility_20"": 0.18682009987518053, ""volume_change_20"": -0.5122775258189876}",0.28289668581464,0.6458239064741871,0.15368866585707222,3.321441902455418,-0.06492622805144266,47.85,0.047850000000000004,0.18784167381026795,0.15658100447160062,0.7077275415050083,0.22124475209573652,-0.16959894150989963,0.5704868302767518
9,Model_E,rolling_icir_weight,2022-09-29,2025-11-14,2025-11-17,2025-12-24,"{""momentum_20"": -0.28061414556031755, ""volatility_20"": 0.18208118829408287, ""volume_change_20"": -0.5373046661455996}",-0.003590335318107374,-0.03185282634865527,0.18601033299048433,-0.08408571744687154,-0.04330654578736004,11.5,0.011500000000000002,0.0012791315733753361,-0.036114131278121527,-0.14845547129979253,0.24326574805176615,-0.16245458189228112,-0.012314827827829175
