factor_1,factor_2,mean_correlation,p95_absolute_correlation,high_correlation_pair
momentum_20,momentum_60,0.48899962284571463,0.6988735250071323,False
momentum_20,volatility_20,-0.20777313892724528,0.5466155671573268,False
momentum_20,volatility_60,-0.046214331704754016,0.4409924528403816,False
momentum_20,volume_change_20,0.24690685960105704,0.4323121408308467,False
momentum_60,volatility_20,-0.3071157513004387,0.6196554825679244,False
momentum_60,volatility_60,-0.2568175702607981,0.5776413261943171,False
momentum_60,volume_change_20,0.056787259368442235,0.27016950011336105,False
volatility_20,volatility_60,0.7890848201677969,0.8728424411607785,True
volatility_20,volume_change_20,0.05643672221200405,0.30018449635251804,False
volatility_60,volume_change_20,0.07805859516568066,0.31415300380393635,False
