fold,method,train_start,train_end,test_start,test_end,is_annualized_return,is_volatility,is_sharpe,is_max_drawdown,is_information_ratio,is_turnover,is_transaction_cost,is_benchmark_excess_return,annualized_return,volatility,sharpe,max_drawdown,information_ratio,turnover,transaction_cost,benchmark_excess_return,train_weights
0,equal_weight,2018-01-29,2021-03-12,2021-03-15,2021-09-13,-0.13610440352134545,0.27818763894382065,-0.4892539583645247,-0.5062065380593858,-1.7806433025984647,207.8993094651251,0.20789930946512508,-0.7297947777832585,0.6800148938240236,0.18364973783294658,3.7027817292207947,-0.0730686268660774,-0.18217901493957006,37.198802441389034,0.03719880244138904,-0.009405960703180338,"{'momentum_20': 0.2, 'momentum_60': 0.2, 'volatility_20': 0.2, 'volatility_60': 0.2, 'volume_change_20': 0.2}"
0,static_weight,2018-01-29,2021-03-12,2021-03-15,2021-09-13,-0.13610440352134545,0.27818763894382065,-0.4892539583645247,-0.5062065380593858,-1.7806433025984647,207.8993094651251,0.20789930946512508,-0.7297947777832585,0.6800148938240236,0.18364973783294658,3.7027817292207947,-0.0730686268660774,-0.18217901493957006,37.198802441389034,0.03719880244138904,-0.009405960703180338,"{'momentum_20': 0.2, 'momentum_60': 0.2, 'volatility_20': 0.2, 'volatility_60': 0.2, 'volume_change_20': 0.2}"
0,rolling_ic_weight,2018-01-29,2021-03-12,2021-03-15,2021-09-13,0.051392451577250586,0.38567277108545117,0.1332540314749466,-0.4849850848947783,-0.08173887273071596,239.45352524280767,0.23945352524280766,-0.03605393591333189,0.4870411203078375,0.19908484380091093,2.4463997912110726,-0.10575344617275728,-1.2888084341546,41.85971902201741,0.0418597190220174,-0.06907230817450424,"{'momentum_20': -0.21837760374100515, 'momentum_60': -0.09863229577458789, 'volatility_20': -0.06111967720022615, 'volatility_60': -0.0895488513025747, 'volume_change_20': -0.5323215719816061}"
0,rolling_icir_weight,2018-01-29,2021-03-12,2021-03-15,2021-09-13,0.03874736303178472,0.3778655832712243,0.1025427155771756,-0.47606899057689067,-0.19233384883774957,251.43786074860725,0.2514378607486073,-0.08113688907644606,0.5271225892387399,0.1981219753898516,2.660596272581586,-0.10160546847382812,-1.0606391260876764,44.51728666700243,0.04451728666700243,-0.05584612428507091,"{'momentum_20': -0.2001234647063913, 'momentum_60': -0.09478485176854552, 'volatility_20': -0.05167103915399608, 'volatility_60': -0.07630424862529141, 'volume_change_20': -0.5771163957457757}"
1,equal_weight,2018-08-07,2021-09-13,2021-09-14,2022-03-25,0.07098958241781061,0.26242622520540737,0.2705125311399246,-0.298772524555897,-1.4931757549143976,206.92225934032746,0.20692225934032749,-0.5859316138245774,-0.24574825708217185,0.21364014836907075,-1.150290612313343,-0.17815771439666472,-1.7472469675084552,36.18379646399839,0.03618379646399839,-0.10241125794674244,"{'momentum_20': 0.2, 'momentum_60': 0.2, 'volatility_20': 0.2, 'volatility_60': 0.2, 'volume_change_20': 0.2}"
1,static_weight,2018-08-07,2021-09-13,2021-09-14,2022-03-25,0.07098958241781061,0.26242622520540737,0.2705125311399246,-0.298772524555897,-1.4931757549143976,206.92225934032746,0.20692225934032749,-0.5859316138245774,-0.24574825708217185,0.21364014836907075,-1.150290612313343,-0.17815771439666472,-1.7472469675084552,36.18379646399839,0.03618379646399839,-0.10241125794674244,"{'momentum_20': 0.2, 'momentum_60': 0.2, 'volatility_20': 0.2, 'volatility_60': 0.2, 'volume_change_20': 0.2}"
1,rolling_ic_weight,2018-08-07,2021-09-13,2021-09-14,2022-03-25,0.22425947965402604,0.3486121706608254,0.6432921697166287,-0.30581586158308827,-0.2598033862244682,256.52635526454117,0.25652635526454115,-0.10833361131899788,-0.2554746348389568,0.27420374444703527,-0.9316963754603427,-0.2761979704187709,-2.1514937313444533,44.709307317280306,0.04470930731728034,-0.1014765647240935,"{'momentum_20': -0.18145421906563838, 'momentum_60': -0.08573811900885862, 'volatility_20': -0.03759187369328196, 'volatility_60': -0.08968682345709421, 'volume_change_20': -0.6055289647751269}"
1,rolling_icir_weight,2018-08-07,2021-09-13,2021-09-14,2022-03-25,0.18315954126355205,0.34596993910759727,0.5294088316921347,-0.3068074103370507,-0.5239897996437682,268.3566875394242,0.26835668753942415,-0.21349428397037673,-0.25030000619233195,0.2728272500093653,-0.9174303746555372,-0.27102333999182804,-2.126823642404913,46.4593690202832,0.046459369020283206,-0.09821622976481348,"{'momentum_20': -0.15888716311210385, 'momentum_60': -0.07763032806353114, 'volatility_20': -0.032823827475832186, 'volatility_60': -0.08063665101501288, 'volume_change_20': -0.6500220303335199}"
2,equal_weight,2019-02-18,2022-03-25,2022-03-28,2022-09-28,0.09429015626413206,0.2520868505334619,0.3740383763159278,-0.2987725245558972,-1.1756259400050195,211.41922069794285,0.2114192206979429,-0.4473228939719627,-0.19413394408331508,0.2425792789902294,-0.8002907127575987,-0.17823548908407527,-1.4944617460813663,36.814686887084505,0.03681468688708449,-0.08503802744718046,"{'momentum_20': 0.2, 'momentum_60': 0.2, 'volatility_20': 0.2, 'volatility_60': 0.2, 'volume_change_20': 0.2}"
2,static_weight,2019-02-18,2022-03-25,2022-03-28,2022-09-28,0.09429015626413206,0.2520868505334619,0.3740383763159278,-0.2987725245558972,-1.1756259400050195,211.41922069794285,0.2114192206979429,-0.4473228939719627,-0.19413394408331508,0.2425792789902294,-0.8002907127575987,-0.17823548908407527,-1.4944617460813663,36.814686887084505,0.03681468688708449,-0.08503802744718046,"{'momentum_20': 0.2, 'momentum_60': 0.2, 'volatility_20': 0.2, 'volatility_60': 0.2, 'volume_change_20': 0.2}"
2,rolling_ic_weight,2019-02-18,2022-03-25,2022-03-28,2022-09-28,0.07470561009524057,0.2973313430244075,0.25125373374817095,-0.32992704177670373,-1.510103150198272,267.7755548977206,0.26777555489772065,-0.4638132680316065,-0.17002896281248014,0.30730041646185413,-0.5532988362662574,-0.2423398618041308,-1.2806519132655212,45.10674797203408,0.045106747972034074,-0.06130995726566575,"{'momentum_20': -0.1247785391651311, 'momentum_60': -0.05561589183535311, 'volatility_20': -0.036779272982617676, 'volatility_60': -0.11649023167742334, 'volume_change_20': -0.6663360643394748}"
2,rolling_icir_weight,2019-02-18,2022-03-25,2022-03-28,2022-09-28,0.0809478925928615,0.2959239464514342,0.2735428935831198,-0.32789238798697784,-1.48287555340851,276.1480688323885,0.2761480688323885,-0.44771498430467754,-0.17554066187881978,0.3050157933566289,-0.5755133527580164,-0.2393418396178274,-1.3863303215065685,46.461758451241984,0.04646175845124197,-0.06499374013045689,"{'momentum_20': -0.1101454149737541, 'momentum_60': -0.04859009142659929, 'volatility_20': -0.033313229831384, 'volatility_60': -0.10747107205529262, 'volume_change_20': -0.7004801917129699}"
3,equal_weight,2019-08-20,2022-09-28,2022-09-29,2023-04-10,0.04677429622940532,0.2358640224895972,0.19831043215362912,-0.2885535315948129,-1.1722200720111107,212.80882755301457,0.21280882755301456,-0.4410472332299463,0.09301276837439265,0.1566608948872072,0.5937203948781222,-0.1111799267391157,-2.3035271983672456,37.56836605630741,0.0375683660563074,-0.11303227540119104,"{'momentum_20': 0.2, 'momentum_60': 0.2, 'volatility_20': 0.2, 'volatility_60': 0.2, 'volume_change_20': 0.2}"
3,static_weight,2019-08-20,2022-09-28,2022-09-29,2023-04-10,0.04677429622940532,0.2358640224895972,0.19831043215362912,-0.2885535315948129,-1.1722200720111107,212.80882755301457,0.21280882755301456,-0.4410472332299463,0.09301276837439265,0.1566608948872072,0.5937203948781222,-0.1111799267391157,-2.3035271983672456,37.56836605630741,0.0375683660563074,-0.11303227540119104,"{'momentum_20': 0.2, 'momentum_60': 0.2, 'volatility_20': 0.2, 'volatility_60': 0.2, 'volume_change_20': 0.2}"
3,rolling_ic_weight,2019-08-20,2022-09-28,2022-09-29,2023-04-10,0.009876422830316534,0.25880055406498553,0.03816229399507598,-0.3876542454430604,-1.900591464504084,318.06433464314915,0.3180643346431492,-0.5313744207307844,0.14585909777610362,0.1827385278977376,0.7981847038722338,-0.08743982067411915,-2.8202944041973415,56.07595420314888,0.05607595420314888,-0.08723297602755796,"{'momentum_20': -0.05328265092270395, 'momentum_60': -0.14633847823738358, 'volatility_20': 0.05538095680128113, 'volatility_60': -0.02661175830281028, 'volume_change_20': -0.718386155735821}"
3,rolling_icir_weight,2019-08-20,2022-09-28,2022-09-29,2023-04-10,0.024594691523681655,0.25978624422804625,0.09467280146708568,-0.3849672015481054,-1.7380615314858507,321.8220345585139,0.3218220345585139,-0.48722827752628395,0.15816199423619492,0.18025333814482877,0.8774428028018875,-0.08707950478596427,-2.7450728116732814,57.51285383534082,0.057512853835340806,-0.08211454190827398,"{'momentum_20': -0.04743469164079904, 'momentum_60': -0.12437281546795616, 'volatility_20': 0.05090065471346276, 'volatility_60': -0.024850738803713825, 'volume_change_20': -0.7524410993740682}"
4,equal_weight,2020-03-02,2023-04-10,2023-04-11,2023-10-18,0.05017606760857296,0.21873982837594136,0.22938697529896984,-0.2885535315948128,-1.0779462248730949,211.82862218075053,0.21182862218075055,-0.3853722836231618,-0.12656130259832088,0.14196515710518545,-0.8914955273465341,-0.09257514008435641,0.2677610908384246,33.09545509460434,0.03309545509460434,0.013186083820653699,"{'momentum_20': 0.2, 'momentum_60': 0.2, 'volatility_20': 0.2, 'volatility_60': 0.2, 'volume_change_20': 0.2}"
4,static_weight,2020-03-02,2023-04-10,2023-04-11,2023-10-18,0.05017606760857296,0.21873982837594136,0.22938697529896984,-0.2885535315948128,-1.0779462248730949,211.82862218075053,0.21182862218075055,-0.3853722836231618,-0.12656130259832088,0.14196515710518545,-0.8914955273465341,-0.09257514008435641,0.2677610908384246,33.09545509460434,0.03309545509460434,0.013186083820653699,"{'momentum_20': 0.2, 'momentum_60': 0.2, 'volatility_20': 0.2, 'volatility_60': 0.2, 'volume_change_20': 0.2}"
4,rolling_ic_weight,2020-03-02,2023-04-10,2023-04-11,2023-10-18,0.11142125103108524,0.2123457163089918,0.5247162644380932,-0.335850397263982,-0.7985292855653431,242.1406734617583,0.24214067346175827,-0.21963261457744088,-0.14713018261533395,0.16356386520726418,-0.8995274257483102,-0.08326598929920381,0.0911851837888318,46.0479798904889,0.04604797989048891,0.0028887741350789448,"{'momentum_20': -0.12032482188919959, 'momentum_60': -0.1891589642399994, 'volatility_20': 0.15329461551640186, 'volatility_60': 0.15130733039848762, 'volume_change_20': -0.3859142679559115}"
4,rolling_icir_weight,2020-03-02,2023-04-10,2023-04-11,2023-10-18,0.08832794186997228,0.21080721390234522,0.4189986681902143,-0.3405787254706747,-1.061292017932402,257.8877249388578,0.2578877249388578,-0.2836048672278731,-0.13838363202085568,0.16308795708425397,-0.848521463478535,-0.08704508563010882,0.25448188107341646,50.331004631163246,0.05033100463116324,0.007946980695212352,"{'momentum_20': -0.110365684972418, 'momentum_60': -0.16403287609577755, 'volatility_20': 0.1481873155330035, 'volatility_60': 0.14760002609645467, 'volume_change_20': -0.42981409730234627}"
5,equal_weight,2020-09-02,2023-10-18,2023-10-19,2024-04-24,-0.022538424910178212,0.19788658425859612,-0.11389566905013244,-0.2885535315948128,-0.7453637758483714,209.5446033097988,0.2095446033097988,-0.25085812588002854,-0.2114154341305835,0.22791144688093232,-0.9276209555241566,-0.25419636220087216,-0.3582149667596847,30.39152075994181,0.030391520759941806,-0.03801892881395531,"{'momentum_20': 0.2, 'momentum_60': 0.2, 'volatility_20': 0.2, 'volatility_60': 0.2, 'volume_change_20': 0.2}"
5,static_weight,2020-09-02,2023-10-18,2023-10-19,2024-04-24,-0.022538424910178212,0.19788658425859612,-0.11389566905013244,-0.2885535315948128,-0.7453637758483714,209.5446033097988,0.2095446033097988,-0.25085812588002854,-0.2114154341305835,0.22791144688093232,-0.9276209555241566,-0.25419636220087216,-0.3582149667596847,30.39152075994181,0.030391520759941806,-0.03801892881395531,"{'momentum_20': 0.2, 'momentum_60': 0.2, 'volatility_20': 0.2, 'volatility_60': 0.2, 'volume_change_20': 0.2}"
5,rolling_ic_weight,2020-09-02,2023-10-18,2023-10-19,2024-04-24,0.009902673002381235,0.19268830982584167,0.05139218363237298,-0.323800510490449,-0.6124096554882404,207.91564327953608,0.2079156432795361,-0.15610912995419604,-0.22288221322872226,0.3186876307939416,-0.699375161418908,-0.32704621793101074,-0.7543309856918002,40.25955623324044,0.04025955623324046,-0.032848192915671356,"{'momentum_20': -0.09651739288665451, 'momentum_60': -0.17573707343923306, 'volatility_20': 0.19561450880377138, 'volatility_60': 0.21756112042785908, 'volume_change_20': -0.31456990444248206}"
5,rolling_icir_weight,2020-09-02,2023-10-18,2023-10-19,2024-04-24,0.016730047030768525,0.1925095215408983,0.086905036680039,-0.32121647655648444,-0.5453058545790398,229.28094205976387,0.2292809420597639,-0.13598788327095454,-0.22968219882153262,0.3133628149728915,-0.7329593297194565,-0.3232939103240532,-0.85757053823358,43.6725116988275,0.04367251169882748,-0.0380765200254848,"{'momentum_20': -0.08835714557156224, 'momentum_60': -0.1499973799654454, 'volatility_20': 0.18777927733808994, 'volatility_60': 0.21114715367750292, 'volume_change_20': -0.36271904344739947}"
6,equal_weight,2021-03-15,2024-04-24,2024-04-25,2024-11-01,-0.04164784509780883,0.19790765436719646,-0.21044079993255702,-0.40539965908913744,-0.8490063653760919,207.42068574090752,0.2074206857409075,-0.33088842452917777,0.0226756352404911,0.32646028163415064,0.06945909354419617,-0.2524383786204475,-2.9527133378682664,30.72727272727272,0.030727272727272735,-0.18553341657023947,"{'momentum_20': 0.2, 'momentum_60': 0.2, 'volatility_20': 0.2, 'volatility_60': 0.2, 'volume_change_20': 0.2}"
6,static_weight,2021-03-15,2024-04-24,2024-04-25,2024-11-01,-0.04164784509780883,0.19790765436719646,-0.21044079993255702,-0.40539965908913744,-0.8490063653760919,207.42068574090752,0.2074206857409075,-0.33088842452917777,0.0226756352404911,0.32646028163415064,0.06945909354419617,-0.2524383786204475,-2.9527133378682664,30.72727272727272,0.030727272727272735,-0.18553341657023947,"{'momentum_20': 0.2, 'momentum_60': 0.2, 'volatility_20': 0.2, 'volatility_60': 0.2, 'volume_change_20': 0.2}"
6,rolling_ic_weight,2021-03-15,2024-04-24,2024-04-25,2024-11-01,-0.013445270929341002,0.24122136203906797,-0.05573830947510951,-0.4537953581733434,-0.8524340568520368,238.03610406558784,0.23803610406558784,-0.21495151907725302,0.2350943836342183,0.31907060399417847,0.7368099119482272,-0.209882308983677,-1.5236898376443275,37.53113553113554,0.03753113553113553,-0.09226017949220372,"{'momentum_20': -0.15038663589830586, 'momentum_60': -0.23684317398177834, 'volatility_20': 0.14022534924115984, 'volatility_60': 0.13224177511107452, 'volume_change_20': -0.3403030657676815}"
6,rolling_icir_weight,2021-03-15,2024-04-24,2024-04-25,2024-11-01,-0.034325572912600744,0.23940680947521945,-0.1433775964344645,-0.4458047079034483,-1.142998139384195,262.15684347928686,0.2621568434792869,-0.28043182826996205,0.2692059004045777,0.31795792600095263,0.8466714567881888,-0.2062023787394518,-1.3293200595327104,42.250416250416244,0.04225041625041625,-0.07878653014032086,"{'momentum_20': -0.1352896261288489, 'momentum_60': -0.20408917949022315, 'volatility_20': 0.13201304148144516, 'volatility_60': 0.12421277774733663, 'volume_change_20': -0.4043953751521461}"
7,equal_weight,2021-09-14,2024-11-01,2024-11-04,2025-05-13,-0.11770497246136624,0.22584725416803075,-0.5211707040449274,-0.4729191196421827,-1.2682636202439879,200.82175218063733,0.20082175218063736,-0.5068884765500831,-0.10723182892756355,0.2518814191685234,-0.42572345860819205,-0.1756275560511925,-2.2543021782765087,35.3884047387212,0.035388404738721194,-0.16066447911767007,"{'momentum_20': 0.2, 'momentum_60': 0.2, 'volatility_20': 0.2, 'volatility_60': 0.2, 'volume_change_20': 0.2}"
7,static_weight,2021-09-14,2024-11-01,2024-11-04,2025-05-13,-0.11770497246136624,0.22584725416803075,-0.5211707040449274,-0.4729191196421827,-1.2682636202439879,200.82175218063733,0.20082175218063736,-0.5068884765500831,-0.10723182892756355,0.2518814191685234,-0.42572345860819205,-0.1756275560511925,-2.2543021782765087,35.3884047387212,0.035388404738721194,-0.16066447911767007,"{'momentum_20': 0.2, 'momentum_60': 0.2, 'volatility_20': 0.2, 'volatility_60': 0.2, 'volume_change_20': 0.2}"
7,rolling_ic_weight,2021-09-14,2024-11-01,2024-11-04,2025-05-13,-0.05872933599268304,0.2750069772040082,-0.2135558035282716,-0.4684797847686136,-1.0031152946568183,234.0428147964548,0.2340428147964548,-0.2754366916841956,0.254179121786015,0.28720915618116954,0.8849965828585233,-0.19270646122031432,0.2905637316874851,39.41500324569945,0.03941500324569945,0.014903076927073142,"{'momentum_20': -0.1977649910104706, 'momentum_60': -0.2260493876329984, 'volatility_20': 0.13883325952828007, 'volatility_60': 0.09951300812492866, 'volume_change_20': -0.33783935370332224}"
7,rolling_icir_weight,2021-09-14,2024-11-01,2024-11-04,2025-05-13,-0.06571476494236039,0.27344775014965095,-0.24031927454658664,-0.4734009429642333,-1.1180277950396182,255.43773663033483,0.25543773663033487,-0.2990199422366437,0.22916328753221737,0.2950143597660306,0.7767868917091417,-0.20634483292944472,0.11782486982134523,42.154722492697175,0.04215472249269719,0.006022762833860787,"{'momentum_20': -0.18197176861614378, 'momentum_60': -0.20179487257251028, 'volatility_20': 0.1307030277347085, 'volatility_60': 0.09110137570058424, 'volume_change_20': -0.39442895537605316}"
8,equal_weight,2022-03-28,2025-05-13,2025-05-14,2025-11-14,-0.09256544200800054,0.23226663553000632,-0.3985309461118969,-0.39629761749806813,-1.372319367432907,200.02183556848232,0.20002183556848233,-0.5651371728341328,0.49168535611451825,0.14071395127666275,3.494218957349851,-0.04348614704258247,-0.9448112473456753,37.67499999999999,0.03767500000000001,-0.04248277637537742,"{'momentum_20': 0.2, 'momentum_60': 0.2, 'volatility_20': 0.2, 'volatility_60': 0.2, 'volume_change_20': 0.2}"
8,static_weight,2022-03-28,2025-05-13,2025-05-14,2025-11-14,-0.09256544200800054,0.23226663553000632,-0.3985309461118969,-0.39629761749806813,-1.372319367432907,200.02183556848232,0.20002183556848233,-0.5651371728341328,0.49168535611451825,0.14071395127666275,3.494218957349851,-0.04348614704258247,-0.9448112473456753,37.67499999999999,0.03767500000000001,-0.04248277637537742,"{'momentum_20': 0.2, 'momentum_60': 0.2, 'volatility_20': 0.2, 'volatility_60': 0.2, 'volume_change_20': 0.2}"
8,rolling_ic_weight,2022-03-28,2025-05-13,2025-05-14,2025-11-14,0.01707377624748041,0.28876981135747565,0.05912590435689394,-0.42381332589093035,-0.6219511368067434,225.75452216322986,0.2257545221632299,-0.1774299822421896,0.5674750879788337,0.1440025356095243,3.9407298321301294,-0.051565004513431933,-0.5283907884068572,37.425000000000004,0.03742500000000001,-0.017415232040489004,"{'momentum_20': -0.23682812240351478, 'momentum_60': -0.22127650862501078, 'volatility_20': 0.12407358375435414, 'volatility_60': 0.09188055957746939, 'volume_change_20': -0.3259412256396509}"
8,rolling_icir_weight,2022-03-28,2025-05-13,2025-05-14,2025-11-14,0.018730918596552737,0.28826700710322334,0.06497767047564179,-0.41877029895759654,-0.6133160626619805,245.64049172813947,0.2456404917281395,-0.17289298337514442,0.5912264408218466,0.14601853770075285,4.048982068519909,-0.05146372771887431,-0.2976062021555207,40.625,0.040625,-0.009737412579322868,"{'momentum_20': -0.21770994737173452, 'momentum_60': -0.20392183446487028, 'volatility_20': 0.11468942427677127, 'volatility_60': 0.08276915702303553, 'volume_change_20': -0.3809096368635884}"
9,equal_weight,2022-09-29,2025-11-14,2025-11-17,2025-12-24,0.005509043434368088,0.21816229026343015,0.025252042540055565,-0.3794375096871919,-1.296563354459713,200.86072010996924,0.20086072010996928,-0.5225604931909014,-0.4609235583794564,0.18218551128623872,-2.529968245692609,-0.07624302799824978,-5.66679977037517,8.475,0.008475000000000002,-0.06549199044537736,"{'momentum_20': 0.2, 'momentum_60': 0.2, 'volatility_20': 0.2, 'volatility_60': 0.2, 'volume_change_20': 0.2}"
9,static_weight,2022-09-29,2025-11-14,2025-11-17,2025-12-24,0.005509043434368088,0.21816229026343015,0.025252042540055565,-0.3794375096871919,-1.296563354459713,200.86072010996924,0.20086072010996928,-0.5225604931909014,-0.4609235583794564,0.18218551128623872,-2.529968245692609,-0.07624302799824978,-5.66679977037517,8.475,0.008475000000000002,-0.06549199044537736,"{'momentum_20': 0.2, 'momentum_60': 0.2, 'volatility_20': 0.2, 'volatility_60': 0.2, 'volume_change_20': 0.2}"
9,rolling_ic_weight,2022-09-29,2025-11-14,2025-11-17,2025-12-24,0.12655585515982604,0.2706176913186867,0.46765551262792515,-0.4220973846731768,-0.5263072653504436,248.86886553137865,0.24886886553137863,-0.14154504510764981,-0.20784250834210172,0.18536399949716723,-1.1212668528188399,-0.05179155632054555,-3.4379227853018386,10.4,0.010400000000000001,-0.022735582863302017,"{'momentum_20': -0.22975910873699784, 'momentum_60': -0.18437676114802254, 'volatility_20': 0.12044935039536046, 'volatility_60': 0.07947842816948712, 'volume_change_20': -0.38593635155013206}"
9,rolling_icir_weight,2022-09-29,2025-11-14,2025-11-17,2025-12-24,0.1348077105902541,0.27030662092583657,0.4987214524324988,-0.40749221730752294,-0.4555855684647506,267.44798749859245,0.2674479874985925,-0.11986452478004983,-0.2637722778276337,0.18767603653058587,-1.40546594388808,-0.05789881001479491,-4.944192201964257,10.8,0.010799999999999999,-0.030814158158597282,"{'momentum_20': -0.20674336400787716, 'momentum_60': -0.16948423513052718, 'volatility_20': 0.11003304566379717, 'volatility_60': 0.07107614964009817, 'volume_change_20': -0.4426632055577003}"
