test,factor_name,variant,horizon,mean_ic,mean_rank_ic,ic_std,rank_ic_std,icir,rank_icir,positive_ic_ratio,t_stat,p_value,observations,Q5-Q1,monotonicity,robustness_conclusion
window_preprocess,volatility_10,mad_zscore,1,0.00593794229655479,0.0484423978465882,0.1690636498446633,0.17973434909880318,0.035122525167359205,0.26952220368271707,0.5127140633108459,1.5417948465188036,0.12312345479819897,1927,0.00022670660729617845,0.5,ROBUST
window_preprocess,volatility_10,mad_zscore,5,0.022226010493033858,0.07011385446378954,0.16107094416347656,0.17295687203855964,0.13798895020119767,0.405383455640653,0.5573430202387131,6.057384862933041,1.3835230738834525e-09,1927,0.002074488557834666,0.75,ROBUST
window_preprocess,volatility_10,mad_zscore,10,0.029116844106037286,0.07915272810797808,0.1579011143258174,0.17142566214032845,0.1843992313186391,0.46173208328157966,0.5655567117585848,8.084176708481783,6.661338147750939e-16,1922,0.003642591582584936,0.75,ROBUST
window_preprocess,volatility_10,mad_zscore,20,0.032257714854195374,0.08376901825965394,0.1575120513070531,0.17206199297124114,0.20479521780408008,0.486853702047118,0.577928870292887,8.95496216195938,0.0,1912,0.005873616815684954,0.75,ROBUST
window_preprocess,volatility_10,mad_zscore,40,0.03542526478397888,0.0888457421415271,0.15126452022949313,0.16240489280504525,0.23419414367779656,0.5470632110091638,0.571353065539112,10.186772256077555,0.0,1892,0.007353367767509392,0.5,ROBUST
window_preprocess,volatility_10,percentile_zscore,1,0.006431373763141461,0.04847008768289766,0.18685803872066026,0.1799610269234332,0.03441850191286615,0.2693365808782582,0.5132330046704723,1.5108899095749317,0.13081650212809537,1927,0.00022670660729617845,0.5,ROBUST
window_preprocess,volatility_10,percentile_zscore,5,0.023141219707591875,0.07049100131101842,0.17433797843550777,0.17325522927029902,0.13273768524367985,0.4068621859663697,0.5578619615983393,5.826866891613312,5.647762257865452e-09,1927,0.002074488557834666,0.75,ROBUST
window_preprocess,volatility_10,percentile_zscore,10,0.03048094510597461,0.07972763226219781,0.16718218090221437,0.17158589455079648,0.18232173394007256,0.4646514357775205,0.5655567117585848,7.993097934456319,1.3322676295501878e-15,1922,0.003642591582584936,0.75,ROBUST
window_preprocess,volatility_10,percentile_zscore,20,0.03244706514944353,0.08421658039120951,0.1660015169407033,0.17217462843090045,0.19546246171373124,0.4891346719241418,0.5847280334728033,8.546874128693766,0.0,1912,0.005873616815684954,0.75,ROBUST
window_preprocess,volatility_10,percentile_zscore,40,0.03698391532707055,0.0894104913669412,0.15845710813490094,0.16257990684085838,0.23340016590221152,0.5499479800690303,0.5946088794926004,10.152236504460301,0.0,1892,0.007353367767509392,0.5,ROBUST
window_preprocess,volatility_10,percentile_rank,1,0.0054488505806293205,0.048466274384149265,0.1645378144227838,0.17996639696929287,0.033116099176012936,0.269307355152634,0.5147898287493513,1.4537175445982127,0.14602463196258242,1927,0.00022670660729617845,0.5,ROBUST
window_preprocess,volatility_10,percentile_rank,5,0.020562018248262648,0.0704745411698042,0.15759409331669588,0.17325602608404525,0.13047454898542354,0.4067653100597927,0.5469641930461858,5.727520622991598,1.019090523080024e-08,1927,0.002074488557834666,0.75,ROBUST
window_preprocess,volatility_10,percentile_rank,10,0.027651454465255316,0.07971449311342683,0.15452091365670748,0.1715873774786799,0.1789495920706719,0.4645708459722309,0.5645161290322581,7.845261142711788,4.440892098500626e-15,1922,0.003642591582584936,0.75,ROBUST
window_preprocess,volatility_10,percentile_rank,20,0.030339095318176433,0.08420977294489672,0.15466842934726768,0.17217995380261297,0.19615570835117163,0.4890800066158385,0.5774058577405857,8.577187323863798,0.0,1912,0.005873616815684954,0.75,ROBUST
window_preprocess,volatility_10,percentile_rank,40,0.03258865968746534,0.08940149685292993,0.15042857829931836,0.16258488889127976,0.2166387534596078,0.549875806187084,0.5560253699788583,9.423163229776291,0.0,1892,0.007353367767509392,0.5,ROBUST
window_preprocess,volatility_20,mad_zscore,1,0.0036195801879971737,0.04517460576317445,0.176225799966903,0.19135459138505695,0.020539445351798476,0.2360779819088374,0.5169535732916014,0.8992900083088836,0.3684982080379817,1917,0.0001511651273528721,0.5,ROBUST
window_preprocess,volatility_20,mad_zscore,5,0.017158124103624578,0.06543085892992517,0.166495916195568,0.18206316893550897,0.10305432406804771,0.35938547764760875,0.5466875326030256,4.512085032486339,6.4193441229321024e-06,1917,0.0017971870059482853,0.5,ROBUST
window_preprocess,volatility_20,mad_zscore,10,0.022647116654041483,0.07246397211446468,0.16167579315519917,0.17961325321361302,0.14007734993637294,0.40344446090669983,0.5475941422594143,6.125081346517515,9.063727546276823e-10,1912,0.002892101762742873,0.75,ROBUST
window_preprocess,volatility_20,mad_zscore,20,0.02702610533359136,0.0786242719388119,0.16338388685263724,0.18007447142706928,0.16541475327960176,0.43662086755398294,0.5562565720294427,7.214055809740661,5.431211036466266e-13,1902,0.004522526253207464,0.5,ROBUST
window_preprocess,volatility_20,mad_zscore,40,0.03217528999898471,0.08938191107314486,0.15717475167893505,0.17077593043937028,0.20471029637578186,0.5233870536859857,0.5393198724760893,8.880746975470823,0.0,1882,0.0065655864385310275,0.25,ROBUST
window_preprocess,volatility_20,percentile_zscore,1,0.0027911615482907807,0.045204475624436684,0.19227439619018288,0.19158856475294517,0.014516553444432511,0.23594558309222777,0.5096504955659885,0.6355863677943466,0.5250460570709841,1917,0.0001511651273528721,0.5,ROBUST
window_preprocess,volatility_20,percentile_zscore,5,0.01556496583726177,0.06556505256578384,0.17977026509123586,0.18232628827742636,0.08658253815981379,0.3596028481971866,0.5519040166927491,3.7908916296186814,0.0001501074433252203,1917,0.0017971870059482853,0.5,ROBUST
window_preprocess,volatility_20,percentile_zscore,10,0.020979310575855,0.07257312733402363,0.17222392441453266,0.1797661244890146,0.12181414775660934,0.40370858269494775,0.5622384937238494,5.326496856949718,1.0012501205913793e-07,1912,0.002892101762742873,0.75,ROBUST
window_preprocess,volatility_20,percentile_zscore,20,0.02591525171140601,0.07881564503717531,0.171740229852482,0.18034184468789424,0.15089796801638253,0.4370347058031726,0.5678233438485805,6.580950859967123,4.674483022881759e-11,1902,0.004522526253207464,0.5,ROBUST
window_preprocess,volatility_20,percentile_zscore,40,0.03314601080077077,0.08977970261522603,0.16747755774491205,0.17117087367416783,0.19791314876501861,0.5245033847646656,0.5488841657810839,8.58587295518556,0.0,1882,0.0065655864385310275,0.25,ROBUST
window_preprocess,volatility_20,percentile_rank,1,0.003729906048533881,0.04520435213977606,0.17129293487405822,0.19159325661490814,0.02177501396234623,0.23593916058660827,0.5075639019300991,0.9533875989212023,0.34039372232192777,1917,0.0001511651273528721,0.5,ROBUST
window_preprocess,volatility_20,percentile_rank,5,0.016491214914411925,0.06556075285715492,0.16314308746707273,0.18233384559777416,0.10108436201895686,0.35956436196591274,0.5440792905581638,4.425833083752973,9.607079098028493e-06,1917,0.0017971870059482853,0.5,ROBUST
window_preprocess,volatility_20,percentile_rank,10,0.02173890662187812,0.07256767430169726,0.15887022738142162,0.17977558745442263,0.13683436462696397,0.40365699998112864,0.5434100418410042,5.983277201631038,2.186921088664917e-09,1912,0.002892101762742873,0.75,ROBUST
window_preprocess,volatility_20,percentile_rank,20,0.02513231254485249,0.07881341972327251,0.16135340402752932,0.1803505275050009,0.15575941949489047,0.4370013263259632,0.5494216614090431,6.79296811711602,1.0984990694851149e-11,1902,0.004522526253207464,0.5,ROBUST
window_preprocess,volatility_20,percentile_rank,40,0.029658248926779304,0.08975957394913706,0.1571767735251463,0.1711840555521601,0.188693585328206,0.5243454109064916,0.5302869287991498,8.185909633573559,2.220446049250313e-16,1882,0.0065655864385310275,0.25,ROBUST
window_preprocess,volatility_40,mad_zscore,1,0.001573250469966193,0.039943640374293335,0.17975313037092322,0.1982542877776747,0.008752284128347403,0.20147680447187466,0.5044807590933053,0.3812019146698001,0.7030534284947056,1897,8.876231038134994e-05,0.5,ROBUST
window_preprocess,volatility_40,mad_zscore,5,0.013528651061593885,0.05984649550714281,0.17288059717838813,0.1917754967510057,0.07825430547092711,0.31206539167433534,0.5255666842382709,3.4083321152766812,0.0006536129080025876,1897,0.0009721640351598897,0.5,ROBUST
window_preprocess,volatility_40,mad_zscore,10,0.01955402187455878,0.06891223776410811,0.16890080413529934,0.18990337281605998,0.11577222485509824,0.3628805362549109,0.5391120507399577,5.035759091400791,4.759588592140318e-07,1892,0.0020790362411029135,0.5,ROBUST
window_preprocess,volatility_40,mad_zscore,20,0.02499139705829423,0.079542283766183,0.17361146293584206,0.19181045103507335,0.14395015533928066,0.4146921261951381,0.5340063761955367,6.244849083219394,4.2420955637112456e-10,1882,0.00227973094256352,0.5,ROBUST
window_preprocess,volatility_40,mad_zscore,40,0.027775040154979735,0.08976394078560494,0.17053258492441442,0.18329275410268833,0.16287233414828337,0.4897298926247537,0.5128893662728249,7.0280874812394405,2.0938806244430452e-12,1862,0.002024286639448166,0.5,ROBUST
window_preprocess,volatility_40,percentile_zscore,1,0.0006136089850082036,0.04003139735851214,0.19229274761462903,0.1984906204986405,0.0031910147034662378,0.20167903782025973,0.5123879810226674,0.13898325247017518,0.8894633831910428,1897,8.876231038134994e-05,0.5,ROBUST
window_preprocess,volatility_40,percentile_zscore,5,0.011991173561129822,0.0599117996476872,0.1829575276076936,0.19203067320267908,0.06554074991022986,0.31199078068352754,0.52925672113864,2.854598752542058,0.004309123264335302,1897,0.0009721640351598897,0.5,ROBUST
window_preprocess,volatility_40,percentile_zscore,10,0.019268214414619667,0.06904812970911908,0.17662529262112128,0.1901275476766039,0.10909091290765413,0.3631674134174707,0.5406976744186046,4.745141221493415,2.0836091696452286e-06,1892,0.0020790362411029135,0.5,ROBUST
window_preprocess,volatility_40,percentile_zscore,20,0.02618477352500929,0.0797610117116634,0.17967113845887125,0.19197851490470966,0.14573722718968177,0.4154684275542684,0.5515409139213603,6.322375876992707,2.575717417130363e-10,1882,0.00227973094256352,0.5,ROBUST
window_preprocess,volatility_40,percentile_zscore,40,0.0304594474269123,0.09009131451404277,0.18003925451532388,0.18352499612156845,0.16918225699673609,0.490893973125958,0.5472610096670247,7.300366318592032,2.8688162956314045e-13,1862,0.002024286639448166,0.5,ROBUST
window_preprocess,volatility_40,percentile_rank,1,0.0019814376206723737,0.04003214753233708,0.1752838304616439,0.1985056092024825,0.01130416659342664,0.20166758860452616,0.503426462836057,0.4923480414905452,0.6224733235720876,1897,8.876231038134994e-05,0.5,ROBUST
window_preprocess,volatility_40,percentile_rank,5,0.013595146582158059,0.059908795872053694,0.16951552257933714,0.19204750709819507,0.0802000098592459,0.31194779238358955,0.5250395361096468,3.493076420572515,0.0004774898405979222,1897,0.0009721640351598897,0.5,ROBUST
window_preprocess,volatility_40,percentile_rank,10,0.019241130338026366,0.06904054197807329,0.16698642468739391,0.19014094539038287,0.11522571594694973,0.3631019180867357,0.5412262156448203,5.011987524376102,5.387069745843576e-07,1892,0.0020790362411029135,0.5,ROBUST
window_preprocess,volatility_40,percentile_rank,20,0.024022176937461726,0.07975041331152445,0.17227666128061073,0.19198587486307264,0.13943953150063373,0.41539729612089277,0.5297555791710946,6.049169091925662,1.4559478067610598e-09,1882,0.00227973094256352,0.5,ROBUST
window_preprocess,volatility_40,percentile_rank,40,0.026321557503021818,0.09008276143089317,0.16800162708761218,0.18352463546362435,0.15667442011912913,0.4908483332677595,0.4983888292158969,6.760641925025828,1.3738121751316612e-11,1862,0.002024286639448166,0.5,ROBUST
window_preprocess,volatility_60,mad_zscore,1,0.0011098285339403856,0.038395714079200026,0.18272861901005513,0.20270621119314972,0.006073643745314544,0.18941557761451355,0.5034629728289824,0.26313671625898605,0.7924452053345667,1877,4.267084177835491e-06,0.25,ROBUST
window_preprocess,volatility_60,mad_zscore,5,0.011159281741689824,0.05705918927621318,0.17806850183793582,0.19795679649133907,0.06266847660596449,0.28824061758702796,0.5194459243473628,2.715071518603298,0.006626145926984517,1877,0.0007072911817559143,0.5,ROBUST
window_preprocess,volatility_60,mad_zscore,10,0.01612772505771847,0.06673897805740642,0.1759702362935787,0.19728209233810998,0.09165030062704409,0.33829212406682346,0.5283119658119658,3.965398299869963,7.327348922370192e-05,1872,0.0012147371157116668,0.5,ROBUST
window_preprocess,volatility_60,mad_zscore,20,0.02060897288819375,0.07717240582641323,0.18159918145892445,0.19949282483236458,0.11348604505056788,0.3868430149869391,0.5241675617615468,4.897024756759021,9.729858407858671e-07,1862,0.0004734097660290046,0.5,ROBUST
window_preprocess,volatility_60,mad_zscore,40,0.02415595672178029,0.0846184411051224,0.1744274857138845,0.18587026669634704,0.13848710037249287,0.4552553918877302,0.5206297502714441,5.943662421265869,2.7872331109790593e-09,1842,-0.002205627368558338,0.5,ROBUST
window_preprocess,volatility_60,percentile_zscore,1,0.00027616033238533666,0.03839189133732795,0.19334284634560825,0.20286292621813196,0.0014283452302739392,0.1892504069277123,0.5066595631326585,0.06188214016806891,0.9506566903174294,1877,4.267084177835491e-06,0.25,ROBUST
window_preprocess,volatility_60,percentile_zscore,5,0.009823361408183314,0.05706261317532772,0.18778433503180403,0.1981665236826517,0.05231193223076666,0.28795283943472244,0.5226425146510388,2.2663808819846545,0.02342807310148598,1877,0.0007072911817559143,0.5,ROBUST
window_preprocess,volatility_60,percentile_zscore,10,0.015056049197125632,0.06680104114291695,0.18392308579859248,0.19748100922132064,0.08186057303112546,0.3382656459287778,0.531517094017094,3.5418299220310487,0.0003973615926748941,1872,0.0012147371157116668,0.5,ROBUST
window_preprocess,volatility_60,percentile_zscore,20,0.021275213044882817,0.07730909693091984,0.18912079987120173,0.1996841554535989,0.11249536306620966,0.387156891618696,0.5467239527389903,4.854275939480954,1.208273951558425e-06,1862,0.0004734097660290046,0.5,ROBUST
window_preprocess,volatility_60,percentile_zscore,40,0.026898843505382745,0.08479884669561,0.18387542318993733,0.1861655192598908,0.14628841113582164,0.45550243156053566,0.5580890336590663,6.278483191546247,3.418918481656874e-10,1842,-0.002205627368558338,0.5,ROBUST
window_preprocess,volatility_60,percentile_rank,1,0.0012207696385041146,0.038390263680873636,0.17796493097489316,0.20287335718427518,0.006859607855416962,0.18923265338386822,0.500799147575919,0.29718810677548,0.7663229013373949,1877,4.267084177835491e-06,0.25,ROBUST
window_preprocess,volatility_60,percentile_rank,5,0.011196722352418398,0.05705807763783985,0.17418795534640663,0.19817634078593022,0.06427954407152628,0.2879156886818992,0.514118273841236,2.7848699823157372,0.005354919040653439,1877,0.0007072911817559143,0.5,ROBUST
window_preprocess,volatility_60,percentile_rank,10,0.015946629567751974,0.06679452581017531,0.1734461670699769,0.19748051405354117,0.09193993639143552,0.3382335018232021,0.5251068376068376,3.9779298590666214,6.951787061670878e-05,1872,0.0012147371157116668,0.5,ROBUST
window_preprocess,volatility_60,percentile_rank,20,0.019989404692731586,0.07730542010013072,0.17946167840935567,0.19969027489735725,0.1113853657778423,0.38712661465294923,0.5091299677765844,4.806378559687268,1.536887651809593e-06,1862,0.0004734097660290046,0.5,ROBUST
window_preprocess,volatility_60,percentile_rank,40,0.02258312793560572,0.0847872974806529,0.17097141329700646,0.18617000209145956,0.13208715714582636,0.4554294275562157,0.5146579804560261,5.668986282100143,1.4364486489171213e-08,1842,-0.002205627368558338,0.5,ROBUST
liquidity_filter,volatility_20,remove_bottom_10pct_ADV20,5,0.01471212062787981,0.06251099424250722,0.18086646148208216,0.18004054814402584,0.08134244739087401,0.34720508733677435,0.548774126238915,3.5614618085876804,0.0003687957595230884,1917,0.001777965736971898,0.5,ROBUST
liquidity_filter,volatility_20,remove_bottom_20pct_ADV20,5,0.01366063862194454,0.06258389022249415,0.1825107298845515,0.17959599664932793,0.07484841373756862,0.34847040797180456,0.5446009389671361,3.2771299058506957,0.00104868109005829,1917,0.0013172272111607159,0.75,ROBUST
