factor_name,variant,scope,horizon,mean_ic,mean_rank_ic,ic_std,rank_ic_std,icir,rank_icir,positive_ic_ratio,t_stat,p_value,observations,Q5-Q1,monotonicity
momentum_20,raw,full,1,-0.013062215629811743,-0.03923595044340227,0.1877833182319799,0.17852732710111058,-0.06956004267469175,-0.21977560007483132,0.48200312989045385,-3.045586201742903,0.0023222719855704455,1917,-0.0006975188863616104,0.25
momentum_20,raw,full,5,-0.0357625103365984,-0.0565645675499566,0.17048169610098768,0.16662233532907575,-0.20977331381906172,-0.339477702303492,0.4225352112676056,-9.184622169498251,0.0,1917,-0.0051480812783958494,0.0
momentum_20,raw,full,10,-0.04149239606234921,-0.06571806828581946,0.1608310041608852,0.1575320054956965,-0.25798754586424666,-0.41717280294266784,0.3854602510460251,-11.280872357484617,0.0,1912,-0.009275046195453857,0.0
momentum_20,raw,full,20,-0.04194898210568003,-0.07067222373344914,0.1553208313640298,0.15830247498203176,-0.27007956200905864,-0.4464378951843352,0.37276550998948477,-11.778689595542426,0.0,1902,-0.013769017694853149,0.25
momentum_20,raw,full,40,-0.033407164588726224,-0.06226369190497904,0.15074799296994892,0.15899641803603753,-0.22160934902387605,-0.3916043686648751,0.40063761955366634,-9.613862081793531,0.0,1882,-0.01429473898944133,0.25
momentum_20,remove_bottom_20pct_ADV20,full,1,-0.01669452908903467,-0.04180837764633834,0.19509943219417727,0.18470326044692673,-0.08556933713891618,-0.22635430227476522,0.4700052164840897,-3.7465300833892066,0.0001792975100702865,1917,-0.001173660029829187,0.25
momentum_20,remove_bottom_20pct_ADV20,full,5,-0.04073479485254102,-0.06078172931317498,0.17994281190369774,0.1739649501454443,-0.22637633824651787,-0.3493906632477295,0.4162754303599374,-9.911561661757338,0.0,1917,-0.006371823139140689,0.25
momentum_20,remove_bottom_20pct_ADV20,full,10,-0.04591608339420876,-0.07035375034095774,0.16963745060280483,0.16417266370983793,-0.27067185477644506,-0.4285351090197475,0.39069037656903766,-11.835511804524858,0.0,1912,-0.010452630760500852,0.0
momentum_20,remove_bottom_20pct_ADV20,full,20,-0.04414089046163676,-0.07403122567182281,0.1659519227977652,0.16660412709748187,-0.2659860140061673,-0.444354092311929,0.3822292323869611,-11.60016208715994,0.0,1902,-0.014175694971034068,0.0
momentum_20,remove_bottom_20pct_ADV20,full,40,-0.03157088201169472,-0.06122510053838274,0.16221674888212473,0.16711151954665857,-0.19462159258681602,-0.3663727114951421,0.412327311370882,-8.443078586305818,0.0,1882,-0.012416963630265282,0.25
momentum_20,remove_extreme_1pct_each_tail,full,1,-0.011522836154735027,-0.039448448403582456,0.173708212880947,0.17718221246188254,-0.06633443499089096,-0.2226433898496953,0.47209181011997914,-2.9043576188341436,0.0036800754441292938,1917,-0.00044311356235639525,0.5
momentum_20,remove_extreme_1pct_each_tail,full,5,-0.030492767777682322,-0.05343614067028474,0.16153642362692033,0.16602215657502833,-0.18876713432821504,-0.3218615019383633,0.4272300469483568,-8.264896879681341,0.0,1917,-0.00438507195427672,0.25
momentum_20,remove_extreme_1pct_each_tail,full,10,-0.03638952872422995,-0.0616669337552854,0.15342741779642932,0.1571688814237608,-0.23717748266162136,-0.3923609635486188,0.3980125523012552,-10.370922747500218,0.0,1912,-0.007939312600812988,0.25
momentum_20,remove_extreme_1pct_each_tail,full,20,-0.03787529484764693,-0.06669041657586151,0.15076792554372392,0.15747425719001612,-0.25121586511888955,-0.42350043598167036,0.3874868559411146,-10.956007462022642,0.0,1902,-0.01239123024052449,0.25
momentum_20,remove_extreme_1pct_each_tail,full,40,-0.029554156287051814,-0.05909766008376433,0.14681587435809038,0.15662750043796758,-0.20130082265469418,-0.37731343422140606,0.4022316684378321,-8.73283710492423,0.0,1882,-0.012046297191974682,0.25
momentum_20,raw,2018,5,-0.07523754822407744,-0.06805307443345245,0.18540979125233545,0.17644307714791602,-0.40579058805843804,-0.38569421670424675,0.34080717488789236,-6.05974572920096,1.3633689732728271e-09,223,-0.014876836850461636,0.25
momentum_20,raw,2019,5,-0.03861520633978224,-0.09599048300887457,0.16293875066622268,0.15230889842226747,-0.23699215921254269,-0.630235554213954,0.4016393442622951,-3.70193586936436,0.00021396070575274706,244,-0.008108016619255585,0.0
momentum_20,raw,2020,5,-0.010882876025035447,-0.0229742073630781,0.17839241001618697,0.17899891859566874,-0.06100526375560461,-0.12834830256697433,0.4691358024691358,-0.9509779471846259,0.34161557077496063,243,0.0007146853761478202,0.75
momentum_20,raw,2021,5,-0.007414637846585219,-0.026971917268432354,0.15911120761514616,0.169456483935435,-0.0466003492633878,-0.1591672188755491,0.5020576131687243,-0.7264275531717832,0.4675767051562678,243,0.0008007833646641905,0.5
momentum_20,raw,2022,5,-0.037413399427616664,-0.04388071542770915,0.1459894943341017,0.14643238928889046,-0.25627460111612477,-0.2996653652979648,0.43388429752066116,-3.986697182491966,6.699944843013839e-05,242,-0.004277013053517646,0.25
momentum_20,raw,2023,5,-0.017367331910448862,-0.03411605754945324,0.17431967006729446,0.139746490942479,-0.09962921512956265,-0.24412818754422774,0.4628099173553719,-1.5498668596929566,0.12117347537199885,242,0.00030824427625408124,0.5
momentum_20,raw,2024,5,-0.06764743675537127,-0.07457116641157348,0.1831504899698398,0.19561720917732586,-0.3693543859288123,-0.3812096426750223,0.3347107438016529,-5.745805800927639,9.148425572647056e-09,242,-0.011913507827471113,0.0
momentum_20,raw,2025,5,-0.034801412457846424,-0.08730425597861506,0.1618429719708958,0.15214752467697937,-0.2150319660720563,-0.5738131866684559,0.42857142857142855,-3.31735160195746,0.000908751764742588,238,-0.004612307158004458,0.0
momentum_60,raw,full,1,-0.009485624485803175,-0.03197666542865363,0.1868753202362584,0.17642310555742943,-0.0507591075900815,-0.181249872728516,0.4922749067661161,-2.1991057512707153,0.027870403688996515,1877,-0.0007185869920026509,0.0
momentum_60,raw,full,5,-0.028063144643726452,-0.05168753204194955,0.17213454990333663,0.16747898450885249,-0.16303028450410165,-0.3086210021724695,0.43153969099627065,-7.0631824180125475,1.6273649094955545e-12,1877,-0.004519359427401985,0.0
momentum_60,raw,full,10,-0.03503642237379923,-0.06305842920458736,0.16551361601497225,0.16178054501210332,-0.21168302171967449,-0.3897775792501488,0.4027777777777778,-9.158807867465324,0.0,1872,-0.008601761303766465,0.0
momentum_60,raw,full,20,-0.03957830507366773,-0.06879075098565432,0.16255046188999284,0.15948042155422984,-0.24348319047196942,-0.4313429216906268,0.39473684210526316,-10.506518321830795,0.0,1862,-0.013583476616303915,0.0
momentum_60,raw,full,40,-0.04153670621364647,-0.06910928248783937,0.14899288482432738,0.15104421256010542,-0.278783153052047,-0.4575433994886665,0.40553745928338764,-11.964962411810195,0.0,1842,-0.0133268301311858,0.0
momentum_60,remove_bottom_20pct_ADV20,full,1,-0.010054743635201542,-0.032485647480072107,0.19368200126712345,0.18383367019423608,-0.05191367070466286,-0.17671217381314439,0.4960042621204049,-2.2491264570322373,0.024504451732636046,1877,-0.0008783829312598875,0.0
momentum_60,remove_bottom_20pct_ADV20,full,5,-0.028712972378319223,-0.053239912203637184,0.18085769907901078,0.17333109576828346,-0.1587600225178994,-0.3071573047389639,0.43153969099627065,-6.878176058776927,6.062261803663205e-12,1877,-0.004892229555368909,0.0
momentum_60,remove_bottom_20pct_ADV20,full,10,-0.03393796566896059,-0.06479272083097136,0.1757275546195691,0.16701074446853828,-0.19312831014141502,-0.3879554039301771,0.3958333333333333,-8.356008299503006,0.0,1872,-0.008204838913163622,0.0
momentum_60,remove_bottom_20pct_ADV20,full,20,-0.03588054080561067,-0.07078540940988579,0.17337499573717868,0.16514823490677685,-0.20695337671415104,-0.4286174142269389,0.41729323308270677,-8.930224053648985,0.0,1862,-0.012064190887321823,0.0
momentum_60,remove_bottom_20pct_ADV20,full,40,-0.03950037759513176,-0.07140980778417869,0.15730338415394154,0.1558898838780049,-0.25110952194439484,-0.4580785231712792,0.4153094462540717,-10.777250914984048,0.0,1842,-0.013266380833741348,0.0
momentum_60,remove_extreme_1pct_each_tail,full,1,-0.009150963855664353,-0.03150405461729901,0.1739815346571915,0.17397019535706312,-0.052597328065275235,-0.1810888040485261,0.49014384656366544,-2.278745473303418,0.022682199906806755,1877,-0.0005825223833086923,0.25
momentum_60,remove_extreme_1pct_each_tail,full,5,-0.023966097561729106,-0.04753285339296806,0.1622633619635952,0.16639223429444558,-0.1476987612712354,-0.28566749881400433,0.44645711241342567,-6.3989540160986245,1.564450791136096e-10,1877,-0.0038222809110021543,0.0
momentum_60,remove_extreme_1pct_each_tail,full,10,-0.027491157798717268,-0.058103291534415714,0.15483099857304602,0.16007371279884136,-0.17755590322404022,-0.36297834615376195,0.4204059829059829,-7.682242960027186,1.554312234475219e-14,1872,-0.006836594397497662,0.0
momentum_60,remove_extreme_1pct_each_tail,full,20,-0.030070095696084907,-0.06283995989452701,0.15547182172257148,0.15880002368921098,-0.19341186951383946,-0.39571757254590645,0.42910848549946295,-8.345895857400642,0.0,1862,-0.010756101481103763,0.0
momentum_60,remove_extreme_1pct_each_tail,full,40,-0.0263285614998406,-0.06101398794843551,0.1474709222723474,0.1523118594446695,-0.17853391769814358,-0.40058593054338054,0.42779587404994573,-7.662412850652769,1.8207657603852567e-14,1842,-0.008023241049752003,0.25
momentum_60,raw,2018,5,-0.046317394567156805,-0.012115398509460844,0.17248834075322814,0.16486084949935823,-0.26852478471818086,-0.07348863327013251,0.3825136612021858,-3.6325359573518337,0.00028064945324590695,183,-0.007412943806134228,0.5
momentum_60,raw,2019,5,-0.021481668571404808,-0.061836399354480785,0.14387962109572758,0.13982200235953168,-0.14930306604791785,-0.44225084973019907,0.4180327868852459,-2.33218844642524,0.019690779709110595,244,-0.004967655778802112,0.0
momentum_60,raw,2020,5,0.013234605369682847,-0.02350629266110306,0.16962466056589198,0.16120669705124227,0.0780228849126673,-0.14581461621058575,0.5432098765432098,1.216256407396551,0.22388726198502695,243,0.0014715970913710753,0.75
momentum_60,raw,2021,5,-0.034965176937746666,-0.0643146930754912,0.20452995046662972,0.19047934206958306,-0.17095382293876535,-0.3376465519919568,0.3868312757201646,-2.6649063637026784,0.007700976204147558,243,-0.006260630767202588,0.25
momentum_60,raw,2022,5,-0.03693733519548259,-0.04424632102816415,0.15900465883242645,0.15499368524577165,-0.2323034775629468,-0.2854717658851926,0.4462809917355372,-3.613794014115487,0.0003017488219247966,242,-0.004789186904389375,0.25
momentum_60,raw,2023,5,-0.014935342543878176,-0.025265065993035137,0.1695525087185502,0.1496146822440664,-0.08808682724164345,-0.16886755774289744,0.4628099173553719,-1.3703094432670275,0.17059032649600248,242,0.0010981270349467687,0.5
momentum_60,raw,2024,5,-0.07562286002579857,-0.09629555038214199,0.17918421253444758,0.21512013621322518,-0.42203974868187855,-0.44763615381265237,0.33884297520661155,-6.565397700910897,5.189404461702907e-11,242,-0.013173545394590362,0.0
momentum_60,raw,2025,5,-0.011859088776697533,-0.07666604994711623,0.16079122872367205,0.13250194318780645,-0.07375457523916297,-0.5786032121691289,0.46218487394957986,-1.137830169117002,0.2551914047417392,238,-0.00281172798974878,0.25
momentum_120,raw,full,1,-0.007219626190953915,-0.025735626100089767,0.17990121179557694,0.17030189148881877,-0.0401310592568861,-0.1511176762342622,0.4810126582278481,-1.7106378878458823,0.0871479802509183,1817,-0.0006307122855425461,0.0
momentum_120,raw,full,5,-0.020865198225047607,-0.03876795807663339,0.17490558968401884,0.16930933757447125,-0.11929406180066791,-0.22897708202054232,0.45844799119427626,-5.085062435181908,3.675051554186126e-07,1817,-0.0031597237183488844,0.0
momentum_120,raw,full,10,-0.02747396470911749,-0.04844673246709587,0.17017759106427024,0.1702723355590055,-0.16144290524562377,-0.2845249776368242,0.4310154525386313,-6.872235932890779,6.320277634586091e-12,1812,-0.00604787006017557,0.25
momentum_120,raw,full,20,-0.03185286346131983,-0.05490810127376949,0.16862567950122137,0.17254099601031053,-0.1888968723834801,-0.31823220303242217,0.4223085460599334,-8.018666670342514,1.1102230246251565e-15,1802,-0.00840707668346244,0.25
momentum_120,raw,full,40,-0.0362516255276487,-0.06238145347489314,0.1632085454193039,0.16489803140292583,-0.22211842789550984,-0.37830320316235316,0.39281705948372614,-9.376449972734731,0.0,1782,-0.010904551922587238,0.25
