date,stock,open,high,low,close,volume
2023-01-03,000001,10.99,11.64,10.84,11.56,2194128.0
2023-01-03,300750,197.69,198.01,191.98,196.38,10482000.0
2023-01-03,600519,1551.84,1559.07,1526.65,1550.65,2603400.0
2023-01-04,000001,11.5,12.21,11.42,12.11,2189683.0
2023-01-04,300750,194.64,194.92,192.17,193.25,19602300.0
2023-01-04,600519,1550.64,1559.34,1536.64,1545.65,2041600.0
2023-01-05,000001,12.19,12.53,12.16,12.27,1665425.0
2023-01-05,300750,195.47,207.79,193.81,206.31,26043300.0
2023-01-05,600519,1557.64,1621.64,1553.64,1621.64,4794300.0
2023-01-06,000001,12.29,12.51,12.27,12.41,1195745.0
2023-01-06,300750,205.47,216.02,204.39,211.39,18392500.0
2023-01-06,600519,1626.76,1632.54,1607.64,1624.41,2490400.0
2023-01-09,000001,12.54,12.67,12.31,12.59,1057659.0
2023-01-09,300750,214.85,214.85,209.92,211.36,12840300.0
2023-01-09,600519,1655.64,1670.62,1628.46,1661.84,3097700.0
2023-01-10,000001,12.55,12.68,12.18,12.23,1269423.0
2023-01-10,300750,211.95,221.58,209.53,219.92,18260700.0
2023-01-10,600519,1659.7,1685.14,1651.14,1675.09,2273200.0
2023-01-11,000001,12.24,12.57,12.18,12.46,830566.0
2023-01-11,300750,219.08,222.14,215.47,217.62,12241800.0
2023-01-11,600519,1676.64,1680.64,1657.48,1665.59,2272000.0
2023-01-12,000001,12.56,12.56,12.32,12.46,625695.0
2023-01-12,300750,219.92,223.68,218.63,220.75,11136800.0
2023-01-12,600519,1668.64,1676.64,1653.64,1654.64,1719300.0
2023-01-13,000001,12.46,12.74,12.34,12.74,949086.0
2023-01-13,300750,226.58,231.32,218.8,224.08,20757500.0
2023-01-13,600519,1664.82,1708.64,1660.64,1707.64,3194000.0
2023-01-16,000001,12.74,13.07,12.64,12.87,1560040.0
2023-01-16,300750,223.53,229.64,221.64,228.04,16809100.0
2023-01-16,600519,1706.64,1755.64,1701.64,1733.54,3684800.0
2023-01-17,000001,12.92,12.97,12.56,12.76,935835.0
2023-01-17,300750,228.21,230.95,226.37,227.48,9895800.0
2023-01-17,600519,1733.8,1743.64,1715.64,1728.64,2129900.0
2023-01-18,000001,12.74,12.97,12.7,12.9,718434.0
2023-01-18,300750,229.09,230.4,226.09,229.08,7344300.0
2023-01-18,600519,1734.64,1745.94,1710.64,1713.64,2106300.0
2023-01-19,000001,12.92,13.04,12.66,12.88,641875.0
2023-01-19,300750,227.32,230.75,225.58,228.12,7310000.0
2023-01-19,600519,1713.14,1713.16,1686.64,1700.85,2343900.0
2023-01-20,000001,12.95,13.03,12.79,12.92,608590.0
2023-01-20,300750,228.12,231.14,226.73,231.03,10765700.0
2023-01-20,600519,1709.83,1718.89,1678.64,1680.65,2560900.0
2023-01-30,000001,13.39,13.53,12.68,12.94,1374318.0
2023-01-30,300750,246.23,252.45,239.62,241.39,21174300.0
2023-01-30,600519,1729.64,1729.64,1700.64,1708.64,3592300.0
2023-01-31,000001,13.03,13.3,12.75,12.78,1030498.0
2023-01-31,300750,240.96,245.19,236.83,238.36,13954000.0
2023-01-31,600519,1717.14,1720.59,1653.71,1666.4,3299100.0
2023-02-01,000001,12.82,12.87,12.3,12.49,1653421.0
2023-02-01,300750,241.58,246.23,241.29,244.8,11502200.0
2023-02-01,600519,1675.62,1679.64,1632.04,1665.61,3397400.0
2023-02-02,000001,12.53,12.57,12.06,12.39,1577900.0
2023-02-02,300750,245.95,246.42,238.18,238.86,13455700.0
2023-02-02,600519,1669.02,1679.64,1646.64,1656.75,2975900.0
2023-02-03,000001,12.24,12.34,11.95,12.11,1246383.0
2023-02-03,300750,237.69,238.92,230.68,233.36,12020000.0
2023-02-03,600519,1640.64,1646.64,1616.32,1638.64,3494500.0
2023-02-06,000001,11.89,11.92,11.65,11.79,1317610.0
2023-02-06,300750,231.03,231.87,224.97,230.25,10752900.0
2023-02-06,600519,1600.64,1615.64,1580.64,1615.64,4266100.0
2023-02-07,000001,11.85,12.11,11.82,12.0,869460.0
2023-02-07,300750,230.19,232.03,226.95,228.86,7211200.0
2023-02-07,600519,1628.72,1629.44,1608.37,1617.64,2432200.0
2023-02-08,000001,12.03,12.11,11.82,11.83,657893.0
2023-02-08,300750,229.69,231.83,227.14,228.37,7329900.0
2023-02-08,600519,1620.65,1626.61,1595.64,1604.64,1667600.0
2023-02-09,000001,11.8,12.09,11.75,11.92,830350.0
2023-02-09,300750,228.37,233.24,225.19,231.58,8031400.0
2023-02-09,600519,1598.64,1650.39,1595.65,1638.64,2975400.0
2023-02-10,000001,11.89,11.91,11.65,11.77,847284.0
2023-02-10,300750,231.58,233.07,227.14,227.67,8397800.0
2023-02-10,600519,1630.74,1639.13,1621.69,1630.64,1798500.0
2023-02-13,000001,11.73,11.73,11.39,11.61,1800054.0
2023-02-13,300750,230.46,236.34,228.25,235.47,13418500.0
2023-02-13,600519,1630.64,1695.14,1630.64,1676.99,3814700.0
2023-02-14,000001,11.64,11.77,11.59,11.75,909937.0
2023-02-14,300750,240.47,240.64,227.58,230.5,12812200.0
2023-02-14,600519,1677.1,1678.04,1655.64,1664.43,1956600.0
2023-02-15,000001,11.74,11.75,11.41,11.46,1250244.0
2023-02-15,300750,231.64,233.8,228.8,229.14,7773400.0
2023-02-15,600519,1664.42,1675.94,1656.45,1661.64,1817700.0
2023-02-16,000001,11.47,11.7,11.29,11.39,1279123.0
2023-02-16,300750,231.02,232.42,223.25,226.14,10091100.0
2023-02-16,600519,1661.98,1707.64,1648.64,1682.46,3324600.0
2023-02-17,000001,11.42,11.51,11.22,11.22,918364.0
2023-02-17,300750,225.47,225.47,213.25,213.35,21469600.0
2023-02-17,600519,1670.8,1693.64,1640.69,1641.42,2644300.0
2023-02-20,000001,11.29,11.94,11.28,11.94,2116191.0
2023-02-20,300750,211.03,214.29,205.65,213.51,16829900.0
2023-02-20,600519,1641.64,1699.44,1637.84,1695.64,2966900.0
2023-02-21,000001,11.85,11.99,11.71,11.89,990495.0
2023-02-21,300750,211.85,214.63,208.8,210.48,13184600.0
2023-02-21,600519,1694.64,1694.64,1671.64,1687.64,1875100.0
2023-02-22,000001,11.79,11.91,11.73,11.81,638922.0
2023-02-22,300750,207.14,209.97,205.84,207.4,12363900.0
2023-02-22,600519,1675.65,1684.54,1652.44,1656.64,2186900.0
2023-02-23,000001,11.79,12.11,11.77,11.84,824491.0
2023-02-23,300750,207.69,210.54,206.25,209.49,9537300.0
2023-02-23,600519,1660.64,1669.44,1625.89,1638.64,2188100.0
2023-02-24,000001,11.81,11.82,11.59,11.65,729989.0
2023-02-24,300750,208.25,208.69,204.37,205.14,9989400.0
2023-02-24,600519,1630.75,1630.83,1602.82,1608.64,2463500.0
2023-02-27,000001,11.54,11.67,11.47,11.48,621462.0
2023-02-27,300750,203.65,205.18,202.19,202.75,9220600.0
2023-02-27,600519,1599.14,1635.64,1595.66,1631.05,2206500.0
2023-02-28,000001,11.54,11.64,11.4,11.57,607936.0
2023-02-28,300750,204.35,206.75,202.97,204.3,9323100.0
2023-02-28,600519,1639.64,1642.65,1603.94,1634.38,2395200.0
2023-03-01,000001,11.59,11.98,11.53,11.96,1223452.0
2023-03-01,300750,203.86,210.02,203.82,208.68,12602000.0
2023-03-01,600519,1633.64,1668.64,1623.87,1659.17,2445800.0
2023-03-02,000001,11.92,12.23,11.85,12.03,1015877.0
2023-03-02,300750,207.42,208.25,200.03,202.58,16145300.0
2023-03-02,600519,1649.64,1659.63,1641.74,1648.64,1314400.0
2023-03-03,000001,12.14,12.16,11.93,12.08,690954.0
2023-03-03,300750,203.42,205.31,202.14,203.43,8203100.0
2023-03-03,600519,1660.41,1662.25,1623.12,1638.68,1619800.0
2023-03-06,000001,12.09,12.09,11.51,11.64,1455824.0
2023-03-06,300750,203.34,207.07,197.7,206.82,16626700.0
2023-03-06,600519,1638.82,1639.14,1617.41,1627.78,2064600.0
2023-03-07,000001,11.64,11.89,11.44,11.48,1279266.0
2023-03-07,300750,204.36,207.13,203.15,203.36,9918400.0
2023-03-07,600519,1626.62,1637.24,1608.64,1608.94,2278500.0
2023-03-08,000001,11.42,11.43,11.19,11.32,1096898.0
2023-03-08,300750,202.14,203.77,199.42,200.88,8129400.0
2023-03-08,600519,1600.66,1606.58,1581.76,1591.06,2276400.0
2023-03-09,000001,11.33,11.37,10.92,10.99,1736065.0
2023-03-09,300750,200.03,202.85,195.6,200.48,8136700.0
2023-03-09,600519,1588.64,1605.64,1560.64,1590.66,2761200.0
2023-03-10,000001,10.79,11.06,10.79,10.93,856996.0
2023-03-10,300750,203.08,207.65,199.86,205.35,19142600.0
2023-03-10,600519,1572.21,1601.64,1570.64,1570.64,2116100.0
2023-03-13,000001,10.91,11.08,10.79,10.84,1000635.0
2023-03-13,300750,203.82,205.84,196.58,197.69,18833200.0
2023-03-13,600519,1571.64,1595.64,1569.64,1582.64,2056000.0
2023-03-14,000001,10.78,10.79,10.52,10.66,1149076.0
2023-03-14,300750,197.07,197.14,189.92,195.04,18484700.0
2023-03-14,600519,1584.42,1600.52,1559.14,1586.64,2370500.0
2023-03-15,000001,10.84,10.97,10.73,10.84,979364.0
2023-03-15,300750,198.25,199.77,193.04,195.47,12968300.0
2023-03-15,600519,1599.01,1605.52,1570.76,1571.56,1921300.0
2023-03-16,000001,10.68,10.82,10.59,10.61,916792.0
2023-03-16,300750,193.25,196.53,192.97,193.87,10113200.0
2023-03-16,600519,1560.64,1590.64,1559.65,1572.63,1764600.0
2023-03-17,000001,10.78,10.83,10.44,10.54,1556814.0
2023-03-17,300750,196.03,196.58,188.53,188.79,20144700.0
2023-03-17,600519,1590.64,1596.53,1556.64,1562.64,2702300.0
2023-03-20,000001,10.55,10.64,10.34,10.36,1188816.0
2023-03-20,300750,187.99,193.58,184.36,191.0,15837000.0
2023-03-20,600519,1571.64,1575.64,1548.64,1550.24,2049100.0
2023-03-21,000001,10.44,10.57,10.29,10.49,840743.0
2023-03-21,300750,192.25,198.9,190.3,198.68,17292400.0
2023-03-21,600519,1555.64,1606.49,1544.61,1595.64,3114200.0
2023-03-22,000001,10.54,10.67,10.5,10.58,876691.0
2023-03-22,300750,201.44,206.95,200.48,201.69,17687200.0
2023-03-22,600519,1600.64,1613.64,1586.19,1593.99,1533000.0
2023-03-23,000001,10.49,10.69,10.42,10.69,804306.0
2023-03-23,300750,201.03,203.2,199.04,201.24,10028900.0
2023-03-23,600519,1586.64,1611.75,1585.65,1595.5,1735600.0
2023-03-24,000001,10.64,10.65,10.55,10.61,621519.0
2023-03-24,300750,201.25,203.39,196.58,198.57,11765300.0
2023-03-24,600519,1589.72,1604.24,1586.64,1599.26,1277000.0
2023-03-27,000001,10.59,10.6,10.25,10.39,1008422.0
2023-03-27,300750,197.2,201.36,193.48,200.19,16115700.0
2023-03-27,600519,1599.24,1599.24,1576.64,1588.43,1529600.0
2023-03-28,000001,10.45,10.52,10.34,10.43,673868.0
2023-03-28,300750,198.8,200.02,196.69,198.03,7590600.0
2023-03-28,600519,1590.64,1610.64,1585.66,1602.44,1726100.0
2023-03-29,000001,10.52,10.53,10.29,10.32,596064.0
2023-03-29,300750,199.48,204.52,198.27,202.24,13754600.0
2023-03-29,600519,1619.64,1620.64,1605.71,1610.64,1539300.0
2023-03-30,000001,10.34,10.5,10.2,10.47,824546.0
2023-03-30,300750,202.69,203.25,200.67,202.2,8681900.0
2023-03-30,600519,1613.64,1625.64,1599.64,1620.64,1925700.0
2023-03-31,000001,10.48,10.56,10.3,10.32,865492.0
2023-03-31,300750,204.64,210.46,204.64,205.5,19607600.0
2023-03-31,600519,1645.64,1668.64,1639.64,1640.64,2744600.0
2023-04-03,000001,10.34,10.48,10.25,10.46,740429.0
2023-04-03,300750,205.53,205.92,199.92,201.42,16763200.0
2023-04-03,600519,1645.64,1648.41,1620.72,1622.71,2141700.0
2023-04-04,000001,10.43,10.51,10.38,10.44,647457.0
2023-04-04,300750,202.13,202.13,192.03,195.47,20089700.0
2023-04-04,600519,1632.64,1635.81,1607.64,1635.23,2006600.0
2023-04-06,000001,10.39,10.4,10.29,10.37,563321.0
2023-04-06,300750,193.25,196.33,191.11,195.48,10581600.0
2023-04-06,600519,1625.64,1636.54,1608.86,1617.6,1487400.0
2023-04-07,000001,10.36,10.48,10.29,10.41,607925.0
2023-04-07,300750,194.44,198.8,193.45,196.87,10058100.0
2023-04-07,600519,1615.64,1626.65,1608.98,1611.63,1352500.0
2023-04-10,000001,10.43,10.49,10.37,10.47,640182.0
2023-04-10,300750,198.74,203.31,195.47,203.25,17237900.0
2023-04-10,600519,1611.52,1611.52,1564.64,1592.34,2941800.0
2023-04-11,000001,10.49,10.51,10.31,10.33,777780.0
2023-04-11,300750,202.14,207.62,201.03,202.11,14366300.0
2023-04-11,600519,1613.64,1613.64,1564.64,1566.14,2920900.0
2023-04-12,000001,10.37,10.38,10.24,10.27,909957.0
2023-04-12,300750,202.14,202.14,197.69,197.7,8736700.0
2023-04-12,600519,1567.9,1570.64,1513.46,1514.74,5110500.0
2023-04-13,000001,10.2,10.46,10.09,10.35,1131591.0
2023-04-13,300750,196.58,197.34,193.8,195.62,10046400.0
2023-04-13,600519,1510.64,1544.23,1504.65,1543.64,2954300.0
2023-04-14,000001,10.39,10.69,10.37,10.48,1297995.0
2023-04-14,300750,195.42,203.45,195.19,200.63,15923700.0
2023-04-14,600519,1546.64,1553.64,1525.44,1534.06,2123200.0
2023-04-17,000001,10.45,10.73,10.39,10.72,1304213.0
2023-04-17,300750,200.1,207.69,199.8,206.52,17663200.0
2023-04-17,600519,1560.64,1573.64,1548.64,1573.64,3046700.0
2023-04-18,000001,10.72,10.99,10.68,10.79,1538936.0
2023-04-18,300750,206.52,212.14,206.19,207.14,14060500.0
2023-04-18,600519,1573.64,1589.64,1566.66,1578.64,1831400.0
2023-04-19,000001,10.81,10.86,10.62,10.64,1014378.0
2023-04-19,300750,210.19,210.38,205.47,207.9,11622400.0
2023-04-19,600519,1582.64,1586.14,1570.64,1579.64,1460100.0
2023-04-20,000001,10.69,10.69,10.41,10.54,811788.0
2023-04-20,300750,207.86,207.86,199.92,199.92,15843800.0
2023-04-20,600519,1580.75,1585.64,1549.64,1562.52,1988500.0
2023-04-21,000001,10.49,10.62,10.27,10.29,918668.0
2023-04-21,300750,204.64,210.43,201.58,204.91,25276000.0
2023-04-21,600519,1566.64,1568.72,1541.92,1546.11,1851800.0
2023-04-24,000001,10.27,10.29,9.82,9.89,1467672.0
2023-04-24,300750,204.97,205.47,198.18,200.4,17377400.0
2023-04-24,600519,1541.64,1542.64,1521.64,1525.64,2023100.0
2023-04-25,000001,9.93,10.16,9.91,10.07,1301901.0
2023-04-25,300750,201.03,201.03,191.03,194.3,16898900.0
2023-04-25,600519,1526.64,1556.62,1522.64,1551.02,2058300.0
2023-04-26,000001,10.04,10.04,9.78,9.91,991260.0
2023-04-26,300750,194.31,209.26,191.32,205.81,39707500.0
2023-04-26,600519,1564.64,1581.64,1540.64,1564.55,2789200.0
2023-04-27,000001,9.85,10.14,9.79,10.05,1004093.0
2023-04-27,300750,205.31,213.79,203.62,212.31,33969100.0
2023-04-27,600519,1568.64,1590.64,1550.64,1578.56,2560500.0
2023-04-28,000001,10.05,10.57,10.01,10.34,1445254.0
2023-04-28,300750,215.31,218.64,208.2,212.16,27104800.0
2023-04-28,600519,1583.65,1603.41,1574.61,1581.16,2622500.0
2023-05-04,000001,10.19,10.62,9.98,10.52,1478264.0
2023-05-04,300750,212.31,213.81,205.86,206.83,19409100.0
2023-05-04,600519,1589.64,1598.31,1556.64,1570.54,2746600.0
2023-05-05,000001,10.57,10.9,10.54,10.7,1762189.0
2023-05-05,300750,206.31,211.31,205.03,208.31,16740900.0
2023-05-05,600519,1586.64,1586.64,1557.03,1570.64,2071400.0
2023-05-08,000001,10.73,11.28,10.63,11.11,2630719.0
2023-05-08,300750,211.31,215.1,207.37,212.12,22753100.0
2023-05-08,600519,1588.96,1589.64,1537.81,1541.16,3317100.0
2023-05-09,000001,11.19,11.39,10.92,10.95,2422534.0
2023-05-09,300750,211.69,211.69,205.36,207.14,19653800.0
2023-05-09,600519,1535.64,1560.62,1527.71,1542.64,2937800.0
2023-05-10,000001,10.96,11.05,10.59,10.63,1237053.0
2023-05-10,300750,207.11,215.56,202.52,213.83,28956800.0
2023-05-10,600519,1535.83,1556.64,1535.64,1545.64,2077300.0
2023-05-11,000001,10.74,10.91,10.59,10.64,903758.0
2023-05-11,300750,213.86,224.29,212.51,221.71,34747400.0
2023-05-11,600519,1551.64,1555.64,1535.64,1537.71,1524600.0
2023-05-12,000001,10.61,10.66,10.4,10.41,885604.0
2023-05-12,300750,223.3,225.87,219.29,219.29,22310000.0
2023-05-12,600519,1535.64,1550.52,1525.65,1527.04,1946000.0
2023-05-15,000001,10.47,10.64,10.24,10.62,928326.0
2023-05-15,300750,222.32,225.31,216.41,219.6,26706500.0
2023-05-15,600519,1522.64,1537.64,1511.84,1536.94,2574000.0
2023-05-16,000001,10.59,10.71,10.36,10.41,998302.0
2023-05-16,300750,219.71,222.28,218.08,220.31,13974000.0
2023-05-16,600519,1534.63,1540.63,1517.64,1523.93,2222400.0
2023-05-17,000001,10.37,10.43,10.23,10.28,754621.0
2023-05-17,300750,220.31,222.99,217.37,221.31,18246400.0
2023-05-17,600519,1528.64,1533.64,1519.65,1521.64,1677700.0
2023-05-18,000001,10.36,10.43,10.22,10.28,687187.0
2023-05-18,300750,222.61,222.68,212.35,213.71,24123900.0
2023-05-18,600519,1525.63,1526.04,1510.64,1511.64,1921900.0
2023-05-19,000001,10.22,10.23,10.11,10.13,688414.0
2023-05-19,300750,213.06,215.49,211.31,211.31,19472200.0
2023-05-19,600519,1491.64,1524.97,1476.19,1520.14,2674100.0
2023-05-22,000001,10.1,10.24,10.1,10.17,549328.0
2023-05-22,300750,210.31,213.81,208.31,211.61,14679100.0
2023-05-22,600519,1510.65,1572.64,1510.64,1566.64,4128400.0
2023-05-23,000001,10.17,10.2,10.0,10.0,694364.0
2023-05-23,300750,212.19,213.02,206.46,206.73,19613200.0
2023-05-23,600519,1574.63,1574.64,1545.19,1545.19,1689400.0
2023-05-24,000001,9.99,10.0,9.8,9.8,824251.0
2023-05-24,300750,206.11,209.82,205.03,206.56,14785700.0
2023-05-24,600519,1552.97,1554.19,1530.75,1531.54,1847900.0
2023-05-25,000001,9.78,9.79,9.6,9.72,882744.0
2023-05-25,300750,206.16,208.99,203.8,205.4,13753300.0
2023-05-25,600519,1526.63,1530.64,1510.64,1521.64,2246600.0
2023-05-26,000001,9.72,9.92,9.63,9.89,511429.0
2023-05-26,300750,205.51,205.81,198.81,201.31,18211700.0
2023-05-26,600519,1522.64,1525.64,1495.65,1511.2,1829100.0
2023-05-29,000001,9.9,9.92,9.74,9.77,566074.0
2023-05-29,300750,203.51,203.53,196.91,198.37,16537200.0
2023-05-29,600519,1517.64,1518.99,1498.64,1509.64,1777100.0
2023-05-30,000001,9.77,9.78,9.59,9.66,763997.0
2023-05-30,300750,198.31,206.3,197.32,206.3,26467100.0
2023-05-30,600519,1509.64,1519.53,1479.2,1488.93,2645300.0
2023-05-31,000001,9.61,9.63,9.37,9.39,1179587.0
2023-05-31,300750,206.36,208.2,201.47,202.48,18869700.0
2023-05-31,600519,1481.65,1486.36,1447.31,1449.54,3695700.0
2023-06-01,000001,9.39,9.47,9.29,9.38,743023.0
2023-06-01,300750,203.95,209.31,202.82,204.21,15941000.0
2023-06-01,600519,1438.64,1495.63,1438.64,1456.56,2864500.0
2023-06-02,000001,9.47,9.76,9.43,9.72,1221843.0
2023-06-02,300750,206.21,211.3,205.31,209.75,23181500.0
2023-06-02,600519,1465.64,1493.79,1456.75,1491.24,2505800.0
2023-06-05,000001,9.67,9.79,9.61,9.7,521846.0
2023-06-05,300750,207.21,207.21,197.7,201.11,33595100.0
2023-06-05,600519,1486.8,1503.52,1483.64,1485.64,1620100.0
2023-06-06,000001,9.7,9.88,9.61,9.63,833273.0
2023-06-06,300750,199.32,203.61,198.29,200.59,17242500.0
2023-06-06,600519,1490.64,1504.64,1472.19,1487.63,1991400.0
2023-06-07,000001,9.68,9.86,9.67,9.73,643698.0
2023-06-07,300750,197.69,197.81,185.76,188.61,50093900.0
2023-06-07,600519,1493.63,1499.44,1470.64,1471.54,1789000.0
2023-06-08,000001,9.75,9.99,9.65,9.91,869397.0
2023-06-08,300750,194.06,194.61,188.31,189.32,23857900.0
2023-06-08,600519,1476.47,1495.64,1470.65,1488.64,1470300.0
2023-06-09,000001,9.85,9.88,9.64,9.67,1315285.0
2023-06-09,300750,189.86,194.44,189.86,193.35,24261700.0
2023-06-09,600519,1492.63,1498.61,1486.64,1486.64,1758000.0
2023-06-12,000001,9.61,9.69,9.55,9.58,758747.0
2023-06-12,300750,193.26,195.31,190.21,193.26,18131600.0
2023-06-12,600519,1486.66,1528.64,1482.16,1516.64,2702900.0
2023-06-13,000001,9.55,9.63,9.48,9.56,849988.0
2023-06-13,300750,192.32,195.24,191.99,194.41,13243700.0
2023-06-13,600519,1514.52,1525.25,1505.64,1519.64,1466300.0
2023-06-14,000001,9.63,9.81,9.54,9.55,1069200.0
2023-06-14,300750,198.46,198.94,194.31,194.71,16362900.0
2023-06-14,600519,1539.64,1554.88,1526.85,1547.52,3150600.0
2023-06-15,000001,9.57,9.71,9.47,9.69,925301.0
2023-06-15,300750,196.3,212.19,196.2,212.19,50495700.0
2023-06-15,600519,1550.98,1576.29,1543.64,1575.64,2522300.0
2023-06-16,000001,9.69,9.75,9.65,9.71,842034.0
2023-06-16,300750,213.31,215.48,209.61,212.41,29639800.0
2023-06-16,600519,1577.64,1620.64,1570.74,1618.33,3791800.0
2023-06-19,000001,9.71,9.71,9.49,9.53,953997.0
2023-06-19,300750,214.3,214.3,207.31,209.19,18707100.0
2023-06-19,600519,1610.64,1618.59,1558.64,1564.64,3170000.0
2023-06-20,000001,9.52,9.54,9.43,9.44,544551.0
2023-06-20,300750,209.18,212.62,207.08,209.31,17960500.0
2023-06-20,600519,1560.64,1585.64,1555.64,1564.1,2094700.0
2023-06-21,000001,9.44,9.56,9.42,9.43,616583.0
2023-06-21,300750,210.12,211.81,206.21,206.22,17118400.0
2023-06-21,600519,1560.64,1577.24,1555.64,1556.47,1772100.0
2023-06-26,000001,9.38,9.38,9.23,9.26,676577.0
2023-06-26,300750,201.22,208.26,200.99,206.48,15910600.0
2023-06-26,600519,1540.75,1550.64,1515.64,1529.64,2399300.0
2023-06-27,000001,9.28,9.4,9.25,9.36,461702.0
2023-06-27,300750,205.29,207.61,202.49,204.78,13420600.0
2023-06-27,600519,1530.63,1540.34,1520.73,1531.69,1517400.0
2023-06-28,000001,9.36,9.41,9.3,9.38,365396.0
2023-06-28,300750,203.53,207.81,203.31,205.81,13558600.0
2023-06-28,600519,1533.82,1554.64,1531.64,1549.02,1857400.0
2023-06-29,000001,9.37,9.37,9.25,9.26,485906.0
2023-06-29,300750,204.82,208.22,203.81,203.81,9930200.0
2023-06-29,600519,1551.64,1555.63,1533.65,1534.35,1423100.0
2023-06-30,000001,9.26,9.39,9.23,9.31,519053.0
2023-06-30,300750,205.3,211.3,201.66,210.1,21551500.0
2023-06-30,600519,1546.55,1555.54,1533.03,1537.55,2045900.0
2023-07-03,000001,9.32,9.61,9.31,9.57,885091.0
2023-07-03,300750,213.26,215.26,209.86,211.19,15554400.0
2023-07-03,600519,1545.55,1571.83,1538.55,1570.65,1913900.0
2023-07-04,000001,9.54,9.57,9.4,9.48,616301.0
2023-07-04,300750,209.81,211.36,208.99,210.56,10155700.0
2023-07-04,600519,1570.75,1580.99,1564.63,1577.15,1247200.0
2023-07-05,000001,9.44,9.48,9.38,9.42,423482.0
2023-07-05,300750,210.57,211.72,206.81,208.82,8636400.0
2023-07-05,600519,1576.55,1578.52,1546.55,1561.93,1474500.0
2023-07-06,000001,9.38,9.42,9.29,9.32,597096.0
2023-07-06,300750,208.31,209.79,205.28,206.16,10283600.0
2023-07-06,600519,1555.71,1579.55,1546.55,1549.53,1514100.0
2023-07-07,000001,9.28,9.35,9.26,9.28,484441.0
2023-07-07,300750,206.11,206.16,202.91,203.56,9808400.0
2023-07-07,600519,1547.55,1555.54,1536.55,1536.58,1516700.0
2023-07-10,000001,9.33,9.36,9.25,9.28,495882.0
2023-07-10,300750,204.31,211.31,204.31,210.11,16093800.0
2023-07-10,600519,1551.55,1561.51,1546.55,1547.45,1347700.0
2023-07-11,000001,9.3,9.34,9.27,9.29,570809.0
2023-07-11,300750,210.96,211.3,207.89,210.4,9158800.0
2023-07-11,600519,1556.55,1561.72,1548.65,1556.55,1258300.0
2023-07-12,000001,9.31,9.44,9.3,9.32,736084.0
2023-07-12,300750,209.81,210.71,207.81,208.3,8693300.0
2023-07-12,600519,1559.59,1569.55,1557.88,1560.35,1328500.0
2023-07-13,000001,9.4,9.55,9.35,9.51,1124230.0
2023-07-13,300750,209.52,216.31,209.52,211.31,22257700.0
2023-07-13,600519,1568.54,1591.96,1565.56,1584.95,2580700.0
2023-07-14,000001,9.51,9.63,9.48,9.54,719147.0
2023-07-14,300750,211.46,212.24,207.86,209.59,13004100.0
2023-07-14,600519,1602.55,1605.05,1587.75,1599.55,1855000.0
2023-07-17,000001,9.49,9.49,9.34,9.39,608343.0
2023-07-17,300750,208.32,209.31,204.91,206.96,10452500.0
2023-07-17,600519,1597.55,1597.55,1573.15,1576.52,1433600.0
2023-07-18,000001,9.37,9.4,9.3,9.33,471966.0
2023-07-18,300750,209.11,209.19,205.81,206.81,8575800.0
2023-07-18,600519,1580.13,1581.06,1567.55,1569.35,1473800.0
2023-07-19,000001,9.31,9.4,9.31,9.39,382196.0
2023-07-19,300750,205.31,206.26,199.89,200.81,17600200.0
2023-07-19,600519,1561.56,1574.55,1560.35,1569.55,1248300.0
2023-07-20,000001,9.41,9.52,9.37,9.4,554070.0
2023-07-20,300750,200.31,208.0,200.31,202.36,14441600.0
2023-07-20,600519,1574.54,1595.53,1568.55,1570.55,1669300.0
2023-07-21,000001,9.39,9.47,9.36,9.42,377103.0
2023-07-21,300750,202.16,204.29,201.07,202.9,8393500.0
2023-07-21,600519,1578.43,1619.05,1572.55,1617.85,3937700.0
2023-07-24,000001,9.41,9.41,9.32,9.34,426852.0
2023-07-24,300750,198.46,202.19,195.45,200.29,13719300.0
2023-07-24,600519,1597.07,1617.7,1597.07,1617.7,1971300.0
2023-07-25,000001,9.53,9.81,9.52,9.8,2032958.0
2023-07-25,300750,206.21,208.95,202.33,207.66,19286200.0
2023-07-25,600519,1646.55,1675.43,1646.54,1675.1,4308600.0
2023-07-26,000001,9.73,9.82,9.64,9.75,751663.0
2023-07-26,300750,206.43,208.31,204.97,207.97,15456800.0
2023-07-26,600519,1675.1,1682.54,1661.63,1675.1,1961100.0
2023-07-27,000001,9.76,9.95,9.73,9.83,1115196.0
2023-07-27,300750,212.31,214.19,208.19,208.29,20859200.0
2023-07-27,600519,1682.55,1701.34,1675.25,1684.58,2034000.0
2023-07-28,000001,9.77,10.38,9.75,10.34,2347013.0
2023-07-28,300750,208.29,212.31,206.36,211.36,18803100.0
2023-07-28,600519,1678.55,1746.55,1674.56,1743.55,3901800.0
2023-07-31,000001,10.38,10.58,10.31,10.4,1854952.0
2023-07-31,300750,215.31,220.81,214.41,219.06,29902800.0
2023-07-31,600519,1754.55,1781.55,1720.55,1727.13,4537900.0
2023-08-01,000001,10.34,10.45,10.21,10.24,957735.0
2023-08-01,300750,218.71,220.41,215.81,216.81,15615200.0
2023-08-01,600519,1724.56,1753.5,1724.44,1735.55,1923100.0
2023-08-02,000001,10.14,10.32,10.01,10.11,1115900.0
2023-08-02,300750,218.31,220.8,216.81,217.81,14147200.0
2023-08-02,600519,1729.95,1736.55,1713.35,1726.55,1850900.0
2023-08-03,000001,10.07,10.45,10.03,10.41,1175848.0
2023-08-03,300750,217.31,221.28,216.84,220.45,16180500.0
2023-08-03,600519,1716.55,1736.55,1697.05,1725.02,2154300.0
2023-08-04,000001,10.5,10.61,10.29,10.38,1303131.0
2023-08-04,300750,226.31,231.27,222.42,226.82,31569700.0
2023-08-04,600519,1734.37,1753.07,1728.55,1740.02,2457400.0
2023-08-07,000001,10.29,10.33,10.2,10.24,646913.0
2023-08-07,300750,225.81,228.25,224.62,227.8,14927700.0
2023-08-07,600519,1727.5,1744.55,1717.58,1734.48,2389200.0
2023-08-08,000001,10.2,10.29,10.08,10.18,725705.0
2023-08-08,300750,227.29,230.64,226.19,228.45,15066700.0
2023-08-08,600519,1726.58,1740.26,1710.63,1736.55,1773600.0
2023-08-09,000001,10.14,10.28,10.13,10.25,577608.0
2023-08-09,300750,226.81,228.99,224.45,228.31,11684700.0
2023-08-09,600519,1736.55,1751.55,1729.51,1736.83,1852300.0
2023-08-10,000001,10.23,10.29,10.14,10.24,475595.0
2023-08-10,300750,229.21,232.64,225.43,227.81,14041000.0
2023-08-10,600519,1728.55,1735.55,1708.85,1721.55,1843600.0
2023-08-11,000001,10.25,10.35,9.97,9.97,943539.0
2023-08-11,300750,230.26,230.26,222.81,222.81,17204100.0
2023-08-11,600519,1731.55,1731.95,1680.43,1680.55,2678600.0
2023-08-14,000001,9.84,9.86,9.67,9.75,975920.0
2023-08-14,300750,220.51,221.29,211.52,214.21,25693200.0
2023-08-14,600519,1656.55,1671.53,1642.55,1649.55,2373100.0
2023-08-15,000001,9.77,9.88,9.68,9.81,712813.0
2023-08-15,300750,214.19,215.91,210.71,212.61,14610100.0
2023-08-15,600519,1655.55,1664.55,1647.56,1659.53,1481800.0
2023-08-16,000001,9.75,9.93,9.69,9.81,572904.0
2023-08-16,300750,212.83,215.69,211.42,213.91,14009000.0
2023-08-16,600519,1654.13,1669.9,1652.55,1666.55,1318400.0
2023-08-17,000001,9.75,9.78,9.54,9.65,965058.0
2023-08-17,300750,216.3,217.81,210.19,216.56,20442800.0
2023-08-17,600519,1652.63,1680.55,1648.1,1674.6,1729000.0
2023-08-18,000001,9.66,9.82,9.61,9.64,659819.0
2023-08-18,300750,216.6,220.43,215.73,217.18,16770000.0
2023-08-18,600519,1678.54,1681.54,1649.14,1649.14,1702300.0
2023-08-21,000001,9.64,9.66,9.4,9.4,701498.0
2023-08-21,300750,215.3,217.18,213.51,214.27,10780400.0
2023-08-21,600519,1639.55,1660.54,1636.62,1637.55,1891200.0
2023-08-22,000001,9.46,9.53,9.39,9.45,606808.0
2023-08-22,300750,216.11,216.49,208.82,212.06,15188900.0
2023-08-22,600519,1647.54,1649.11,1617.57,1634.55,2665000.0
2023-08-23,000001,9.43,9.5,9.32,9.33,691810.0
2023-08-23,300750,212.01,213.21,208.31,208.81,11874900.0
2023-08-23,600519,1643.55,1646.55,1616.63,1620.55,1991200.0
2023-08-24,000001,9.37,9.4,9.13,9.21,1291271.0
2023-08-24,300750,210.19,212.85,207.81,210.26,14157700.0
2023-08-24,600519,1626.17,1674.55,1621.55,1662.85,2605500.0
2023-08-25,000001,9.18,9.41,9.16,9.31,845350.0
2023-08-25,300750,209.24,211.28,207.12,209.65,11185100.0
2023-08-25,600519,1655.34,1684.32,1652.56,1671.53,1883100.0
2023-08-28,000001,9.92,10.01,9.57,9.6,1997610.0
2023-08-28,300750,222.81,225.27,210.81,211.81,22311500.0
2023-08-28,600519,1745.13,1745.13,1678.43,1681.52,4105200.0
2023-08-29,000001,9.55,9.57,9.21,9.39,1964961.0
2023-08-29,300750,212.51,224.31,212.23,219.81,29175000.0
2023-08-29,600519,1674.55,1715.63,1674.55,1697.88,2895000.0
2023-08-30,000001,9.35,9.35,9.21,9.21,1375638.0
2023-08-30,300750,220.71,223.31,218.81,218.81,14591600.0
2023-08-30,600519,1714.45,1714.55,1690.21,1702.55,1981200.0
2023-08-31,000001,9.22,9.3,9.2,9.21,806474.0
2023-08-31,300750,218.41,219.81,217.44,217.86,9671500.0
2023-08-31,600519,1706.55,1706.55,1687.56,1693.55,1482000.0
2023-09-01,000001,9.27,9.44,9.27,9.4,1138705.0
2023-09-01,300750,217.91,220.82,215.91,217.71,9101100.0
2023-09-01,600519,1699.38,1712.02,1692.58,1697.6,1314500.0
2023-09-04,000001,9.43,9.67,9.41,9.64,1410029.0
2023-09-04,300750,219.52,220.07,214.71,218.96,14052400.0
2023-09-04,600519,1709.15,1726.49,1700.08,1712.55,2387100.0
2023-09-05,000001,9.58,9.59,9.44,9.47,804177.0
2023-09-05,300750,218.31,220.81,217.47,218.13,11581700.0
2023-09-05,600519,1714.55,1714.55,1703.35,1705.25,1565900.0
2023-09-06,000001,9.41,9.54,9.38,9.51,634841.0
2023-09-06,300750,217.36,218.48,214.11,215.73,12474800.0
2023-09-06,600519,1704.55,1713.21,1695.56,1707.55,1112100.0
2023-09-07,000001,9.48,9.52,9.4,9.41,540042.0
2023-09-07,300750,214.31,215.06,207.82,207.82,19266100.0
2023-09-07,600519,1699.15,1703.44,1677.74,1684.55,1698200.0
2023-09-08,000001,9.36,9.4,9.31,9.35,479030.0
2023-09-08,300750,206.31,208.51,201.81,204.25,16499400.0
2023-09-08,600519,1681.49,1681.49,1661.5,1665.05,1221200.0
2023-09-11,000001,9.38,9.48,9.35,9.42,654486.0
2023-09-11,300750,204.21,204.86,200.99,202.84,17060900.0
2023-09-11,600519,1654.55,1686.55,1654.55,1668.72,1592600.0
2023-09-12,000001,9.43,9.43,9.33,9.36,495485.0
2023-09-12,300750,203.31,203.72,198.85,199.24,18231200.0
2023-09-12,600519,1673.15,1673.53,1662.57,1666.51,1216800.0
2023-09-13,000001,9.37,9.4,9.29,9.33,490218.0
2023-09-13,300750,198.31,200.46,196.34,197.91,15135700.0
2023-09-13,600519,1676.47,1676.47,1646.6,1666.46,1950100.0
2023-09-14,000001,9.36,9.41,9.33,9.37,551650.0
2023-09-14,300750,194.99,197.61,194.34,196.24,18294100.0
2023-09-14,600519,1669.08,1673.53,1652.55,1665.24,1750500.0
2023-09-15,000001,9.43,9.48,9.28,9.3,890476.0
2023-09-15,300750,193.31,195.31,187.91,189.07,33680000.0
2023-09-15,600519,1665.55,1666.33,1627.85,1628.54,2843100.0
2023-09-18,000001,9.3,9.32,9.22,9.31,501325.0
2023-09-18,300750,187.31,196.0,187.31,194.37,26593500.0
2023-09-18,600519,1622.86,1676.05,1619.55,1675.75,3255900.0
2023-09-19,000001,9.3,9.31,9.24,9.29,503664.0
2023-09-19,300750,194.37,194.79,191.91,193.63,15024400.0
2023-09-19,600519,1668.75,1675.55,1654.55,1673.49,1499000.0
2023-09-20,000001,9.28,9.3,9.23,9.23,558872.0
2023-09-20,300750,194.31,194.64,189.99,191.21,13087500.0
2023-09-20,600519,1668.55,1676.55,1664.6,1670.55,1250200.0
2023-09-21,000001,9.22,9.22,9.12,9.13,843930.0
2023-09-21,300750,191.32,192.26,187.98,188.04,16214900.0
2023-09-21,600519,1664.56,1668.55,1644.94,1644.94,1948900.0
2023-09-22,000001,9.11,9.33,9.11,9.32,911484.0
2023-09-22,300750,186.81,192.76,186.81,192.24,22509100.0
2023-09-22,600519,1652.18,1696.51,1638.96,1695.55,3439000.0
2023-09-25,000001,9.32,9.4,9.27,9.3,761211.0
2023-09-25,300750,194.33,194.93,190.02,190.59,13605400.0
2023-09-25,600519,1694.05,1694.55,1673.14,1678.93,1397900.0
2023-09-26,000001,9.3,9.34,9.22,9.24,444980.0
2023-09-26,300750,187.98,188.66,184.81,185.81,20253800.0
2023-09-26,600519,1674.55,1681.43,1659.65,1662.55,1576200.0
2023-09-27,000001,9.23,9.3,9.23,9.25,490311.0
2023-09-27,300750,187.61,189.8,183.76,184.97,21849000.0
2023-09-27,600519,1661.55,1680.05,1649.35,1660.55,2088000.0
2023-09-28,000001,9.27,9.32,9.26,9.28,520697.0
2023-09-28,300750,185.31,187.81,183.89,184.34,15809500.0
2023-09-28,600519,1671.53,1671.53,1644.35,1645.1,2053800.0
2023-10-09,000001,9.24,9.25,9.14,9.19,695828.0
2023-10-09,300750,182.31,182.59,174.31,176.81,33742800.0
2023-10-09,600519,1643.49,1643.49,1611.45,1623.55,2976300.0
2023-10-10,000001,9.27,9.28,9.1,9.1,820749.0
2023-10-10,300750,179.19,179.31,176.03,176.03,19865500.0
2023-10-10,600519,1629.44,1645.53,1614.55,1616.55,2028400.0
2023-10-11,000001,9.17,9.17,9.04,9.06,724116.0
2023-10-11,300750,179.18,179.91,175.41,176.08,20248200.0
2023-10-11,600519,1631.2,1631.2,1614.55,1625.05,2194500.0
2023-10-12,000001,9.19,9.24,9.12,9.19,853058.0
2023-10-12,300750,176.32,179.11,175.31,177.25,24205900.0
2023-10-12,600519,1644.45,1644.78,1623.75,1632.55,1486500.0
2023-10-13,000001,9.11,9.15,9.03,9.08,684483.0
2023-10-13,300750,175.16,176.14,170.91,171.91,28422200.0
2023-10-13,600519,1617.43,1624.56,1584.74,1597.55,2502800.0
2023-10-16,000001,9.08,9.11,9.03,9.09,501624.0
2023-10-16,300750,171.65,171.84,165.22,166.07,24683600.0
2023-10-16,600519,1597.53,1602.55,1569.0,1576.45,2079000.0
2023-10-17,000001,9.09,9.13,9.04,9.1,493525.0
2023-10-17,300750,166.82,170.61,165.88,166.75,21558300.0
2023-10-17,600519,1585.55,1585.99,1562.55,1572.55,1494500.0
2023-10-18,000001,9.07,9.1,8.99,9.03,651825.0
2023-10-18,300750,166.41,169.56,164.91,167.61,17651900.0
2023-10-18,600519,1565.35,1588.55,1563.73,1574.55,2031800.0
2023-10-19,000001,8.99,9.0,8.67,8.68,1188961.0
2023-10-19,300750,165.72,166.99,163.59,164.01,17454200.0
2023-10-19,600519,1546.55,1546.58,1472.58,1476.55,7349200.0
2023-10-20,000001,8.63,8.75,8.59,8.68,526139.0
2023-10-20,300750,160.31,169.0,160.31,162.31,30026900.0
2023-10-20,600519,1476.55,1501.55,1462.8,1491.55,4537600.0
2023-10-23,000001,8.67,8.68,8.51,8.58,530404.0
2023-10-23,300750,161.61,161.61,157.11,158.57,20223300.0
2023-10-23,600519,1476.52,1506.55,1468.15,1490.53,2523400.0
2023-10-24,000001,8.62,8.69,8.52,8.63,760653.0
2023-10-24,300750,159.31,160.51,156.61,157.73,24379500.0
2023-10-24,600519,1494.55,1499.91,1467.76,1489.5,2986100.0
2023-10-25,000001,8.59,8.62,8.44,8.46,1411450.0
2023-10-25,300750,159.51,160.81,156.99,157.29,21534200.0
2023-10-25,600519,1516.66,1544.55,1513.57,1524.05,3617900.0
2023-10-26,000001,8.39,8.5,8.38,8.49,599991.0
2023-10-26,300750,155.31,159.61,150.12,159.38,41420600.0
2023-10-26,600519,1513.55,1534.55,1508.56,1518.78,2238600.0
2023-10-27,000001,8.46,8.56,8.41,8.53,919771.0
2023-10-27,300750,159.16,167.19,157.33,166.03,47795300.0
2023-10-27,600519,1510.55,1538.43,1507.15,1523.26,3426200.0
2023-10-30,000001,8.48,8.55,8.43,8.53,805690.0
2023-10-30,300750,168.31,171.19,166.11,169.33,32259500.0
2023-10-30,600519,1515.55,1535.43,1515.55,1527.55,2408600.0
2023-10-31,000001,8.51,8.57,8.49,8.54,652855.0
2023-10-31,300750,167.99,168.53,165.91,166.91,18152500.0
2023-10-31,600519,1526.55,1536.55,1514.4,1531.13,1985900.0
2023-11-01,000001,8.63,8.64,8.53,8.56,567300.0
2023-11-01,300750,167.1,171.61,165.81,168.85,19727300.0
2023-11-01,600519,1696.55,1696.55,1620.34,1627.54,9314300.0
2023-11-02,000001,8.58,8.68,8.55,8.56,619430.0
2023-11-02,300750,169.81,171.19,166.88,166.88,13762700.0
2023-11-02,600519,1641.55,1641.55,1622.61,1626.05,2790800.0
2023-11-03,000001,8.57,8.6,8.51,8.56,705463.0
2023-11-03,300750,167.31,169.99,165.91,168.75,14365500.0
2023-11-03,600519,1626.55,1661.44,1620.55,1657.79,3017600.0
2023-11-06,000001,8.59,8.77,8.59,8.77,1007062.0
2023-11-06,300750,169.88,178.41,169.76,178.39,34968400.0
2023-11-06,600519,1666.55,1670.34,1647.67,1658.55,2552400.0
2023-11-07,000001,8.74,8.74,8.66,8.68,640866.0
2023-11-07,300750,177.3,177.42,171.43,172.55,26080300.0
2023-11-07,600519,1651.55,1656.55,1630.63,1637.72,1958200.0
2023-11-08,000001,8.66,8.68,8.53,8.58,877819.0
2023-11-08,300750,171.49,174.25,171.31,173.15,14652200.0
2023-11-08,600519,1630.6,1650.35,1629.42,1644.89,1454600.0
2023-11-09,000001,8.54,8.6,8.51,8.57,639136.0
2023-11-09,300750,171.94,173.89,171.84,172.76,10997100.0
2023-11-09,600519,1636.66,1645.55,1629.55,1640.66,1280000.0
2023-11-10,000001,8.53,8.55,8.37,8.38,1045044.0
2023-11-10,300750,170.31,171.28,169.36,170.34,11610000.0
2023-11-10,600519,1627.1,1634.55,1619.65,1622.39,1646600.0
2023-11-13,000001,8.39,8.41,8.3,8.33,770043.0
2023-11-13,300750,173.31,173.51,168.33,169.16,12519600.0
2023-11-13,600519,1618.83,1631.43,1603.53,1610.55,1837000.0
2023-11-14,000001,8.32,8.41,8.31,8.35,596859.0
2023-11-14,300750,169.16,170.11,164.31,164.99,23488300.0
2023-11-14,600519,1610.55,1621.54,1606.56,1611.82,1281700.0
2023-11-15,000001,8.45,8.53,8.42,8.45,1109140.0
2023-11-15,300750,168.2,169.9,164.89,165.79,23807200.0
2023-11-15,600519,1625.55,1629.44,1613.55,1619.48,1843500.0
2023-11-16,000001,8.46,8.47,8.31,8.32,922622.0
2023-11-16,300750,166.79,166.8,161.41,162.46,17466200.0
2023-11-16,600519,1620.55,1622.55,1606.6,1606.6,1255800.0
2023-11-17,000001,8.3,8.33,8.2,8.23,903362.0
2023-11-17,300750,161.16,162.56,160.8,162.04,11084000.0
2023-11-17,600519,1598.55,1605.55,1584.45,1599.97,2171400.0
2023-11-20,000001,8.23,8.3,8.18,8.27,639528.0
2023-11-20,300750,162.05,163.11,160.32,161.61,12408700.0
2023-11-20,600519,1601.55,1616.05,1583.21,1609.05,1860800.0
2023-11-21,000001,8.31,8.43,8.3,8.36,1041166.0
2023-11-21,300750,163.31,165.31,161.32,161.92,19766200.0
2023-11-21,600519,1629.97,1644.55,1616.65,1636.55,3009800.0
2023-11-22,000001,8.34,8.39,8.22,8.24,737490.0
2023-11-22,300750,160.86,162.61,158.31,158.31,18688600.0
2023-11-22,600519,1629.85,1640.9,1627.09,1628.06,1266500.0
2023-11-23,000001,8.23,8.24,8.15,8.23,846656.0
2023-11-23,300750,157.32,159.01,156.2,159.01,15720300.0
2023-11-23,600519,1624.85,1634.55,1617.55,1632.55,1155000.0
2023-11-24,000001,8.19,8.21,8.16,8.18,684695.0
2023-11-24,300750,158.34,159.51,155.81,156.31,16621200.0
2023-11-24,600519,1635.55,1635.55,1621.55,1623.55,1308500.0
2023-11-27,000001,8.17,8.17,8.05,8.09,836188.0
2023-11-27,300750,155.6,155.81,151.91,152.01,18422000.0
2023-11-27,600519,1619.85,1619.85,1601.55,1609.55,1626100.0
2023-11-28,000001,8.07,8.1,8.03,8.03,786175.0
2023-11-28,300750,151.34,153.28,150.18,153.23,20210700.0
2023-11-28,600519,1607.55,1620.43,1604.55,1615.59,1452000.0
2023-11-29,000001,8.03,8.05,7.78,7.8,1467597.0
2023-11-29,300750,152.31,152.69,147.68,148.16,25188500.0
2023-11-29,600519,1614.55,1622.55,1604.55,1621.26,1714900.0
2023-11-30,000001,7.77,7.81,7.7,7.76,901765.0
2023-11-30,300750,146.53,149.97,145.8,148.31,23027200.0
2023-11-30,600519,1623.27,1641.31,1617.63,1638.05,2135300.0
2023-12-01,000001,7.73,7.76,7.66,7.74,778057.0
2023-12-01,300750,148.6,149.01,145.74,146.81,16962200.0
2023-12-01,600519,1635.86,1636.25,1594.55,1606.83,3305100.0
2023-12-04,000001,7.75,7.76,7.69,7.71,605438.0
2023-12-04,300750,144.81,145.75,142.55,142.96,23930400.0
2023-12-04,600519,1606.83,1608.38,1591.83,1597.26,1844000.0
2023-12-05,000001,7.69,7.7,7.55,7.56,787378.0
2023-12-05,300750,141.46,143.68,139.96,140.12,24807700.0
2023-12-05,600519,1595.33,1595.43,1554.57,1555.55,2990300.0
2023-12-06,000001,7.52,7.65,7.48,7.58,753056.0
2023-12-06,300750,139.96,148.17,139.53,144.19,36769300.0
2023-12-06,600519,1549.18,1566.02,1547.68,1549.55,2385100.0
2023-12-07,000001,7.57,7.57,7.46,7.52,585380.0
2023-12-07,300750,143.31,147.67,142.91,145.8,26908400.0
2023-12-07,600519,1550.55,1555.63,1533.85,1546.55,2504200.0
2023-12-08,000001,7.49,7.53,7.38,7.38,1021152.0
2023-12-08,300750,146.31,147.64,144.43,144.9,24502000.0
2023-12-08,600519,1546.55,1555.39,1538.77,1551.47,2628800.0
2023-12-11,000001,7.3,7.46,7.21,7.43,1133663.0
2023-12-11,300750,143.32,147.0,141.47,146.66,21489600.0
2023-12-11,600519,1536.55,1550.55,1503.55,1544.55,3683100.0
2023-12-12,000001,7.39,7.58,7.38,7.5,855016.0
2023-12-12,300750,145.31,146.53,144.29,144.94,14733900.0
2023-12-12,600519,1534.15,1556.54,1530.55,1556.54,2101100.0
2023-12-13,000001,7.46,7.47,7.23,7.24,1061302.0
2023-12-13,300750,143.86,144.9,140.02,140.66,25259400.0
2023-12-13,600519,1551.77,1552.27,1503.63,1506.55,3878900.0
2023-12-14,000001,7.29,7.36,7.23,7.23,742901.0
2023-12-14,300750,142.19,142.8,137.75,137.94,22751400.0
2023-12-14,600519,1512.51,1516.42,1481.57,1482.45,4067200.0
2023-12-15,000001,7.28,7.43,7.27,7.29,988939.0
2023-12-15,300750,138.51,139.99,135.91,136.31,20204600.0
2023-12-15,600519,1494.78,1524.32,1490.56,1491.55,3709300.0
2023-12-18,000001,7.26,7.32,7.17,7.21,654426.0
2023-12-18,300750,134.42,135.0,127.59,128.28,42912900.0
2023-12-18,600519,1486.55,1509.88,1481.55,1508.55,1989700.0
2023-12-19,000001,7.2,7.25,7.15,7.18,644071.0
2023-12-19,300750,127.62,131.29,127.58,130.31,25185200.0
2023-12-19,600519,1511.55,1526.42,1491.64,1521.55,2220700.0
2023-12-20,000001,7.19,7.23,7.11,7.11,715634.0
2023-12-20,300750,130.51,132.51,129.63,129.76,21249400.0
2023-12-20,600519,1523.66,1525.66,1508.66,1515.45,2309200.0
2023-12-21,000001,7.09,7.27,7.07,7.25,1017047.0
2023-12-21,300750,128.88,136.64,128.88,135.7,42131500.0
2023-12-21,600519,1505.67,1537.98,1505.67,1535.66,2901200.0
2023-12-22,000001,7.27,7.36,7.19,7.28,1005645.0
2023-12-22,300750,134.81,139.72,133.51,137.6,28032100.0
2023-12-22,600519,1535.36,1544.76,1523.67,1536.31,2166700.0
2023-12-25,000001,7.26,7.28,7.22,7.27,413971.0
2023-12-25,300750,136.81,139.19,136.11,138.85,13005600.0
2023-12-25,600519,1536.66,1544.26,1533.66,1537.66,1247100.0
2023-12-26,000001,7.27,7.28,7.15,7.18,541896.0
2023-12-26,300750,138.28,138.81,136.05,137.44,12767300.0
2023-12-26,600519,1538.16,1540.56,1523.16,1535.66,1477100.0
2023-12-27,000001,7.18,7.21,7.1,7.2,641534.0
2023-12-27,300750,138.84,139.31,135.18,135.64,17356500.0
2023-12-27,600519,1533.66,1542.81,1526.66,1532.72,1605600.0
2023-12-28,000001,7.19,7.55,7.16,7.53,1661592.0
2023-12-28,300750,135.53,144.47,134.88,144.3,37850200.0
2023-12-28,600519,1536.65,1593.65,1532.72,1590.65,3833800.0
2023-12-29,000001,7.5,7.56,7.43,7.47,853853.0
2023-12-29,300750,145.29,146.31,143.31,144.57,22683800.0
2023-12-29,600519,1585.66,1615.24,1585.66,1591.66,2753900.0
2024-01-02,000001,7.47,7.5,7.29,7.29,1158366.0
2024-01-02,300750,143.53,143.84,137.93,138.14,21403300.0
2024-01-02,600519,1580.66,1583.85,1543.76,1550.67,3215600.0
2024-01-03,000001,7.27,7.3,7.23,7.28,733610.0
2024-01-03,300750,137.41,138.59,135.71,137.11,19757600.0
2024-01-03,600519,1546.77,1560.88,1541.99,1559.66,2022900.0
2024-01-04,000001,7.27,7.27,7.16,7.19,864194.0
2024-01-04,300750,136.81,137.03,131.08,132.51,27241800.0
2024-01-04,600519,1558.66,1558.66,1528.59,1534.66,2155100.0
2024-01-05,000001,7.18,7.52,7.15,7.35,1991622.0
2024-01-05,300750,132.3,136.04,130.8,132.21,21035300.0
2024-01-05,600519,1526.99,1544.32,1517.77,1529.02,2024300.0
2024-01-08,000001,7.31,7.38,7.19,7.23,1121156.0
2024-01-08,300750,131.51,134.7,130.39,131.31,19385400.0
2024-01-08,600519,1526.66,1527.66,1505.67,1509.65,2558600.0
2024-01-09,000001,7.24,7.27,7.17,7.26,766194.0
2024-01-09,300750,131.27,132.68,127.06,130.01,23391600.0
2024-01-09,600519,1506.67,1517.98,1500.73,1506.66,2441200.0
2024-01-10,000001,7.24,7.27,7.17,7.17,858621.0
2024-01-10,300750,128.25,134.42,127.86,131.97,23212000.0
2024-01-10,600519,1506.76,1525.12,1503.66,1507.16,1735100.0
2024-01-11,000001,7.16,7.3,7.11,7.25,934686.0
2024-01-11,300750,131.97,139.08,129.82,136.13,32801800.0
2024-01-11,600519,1505.76,1523.6,1503.72,1512.23,1644100.0
2024-01-12,000001,7.21,7.35,7.19,7.27,772582.0
2024-01-12,300750,135.31,138.64,133.51,135.94,25462200.0
2024-01-12,600519,1505.63,1516.92,1505.06,1508.72,1160300.0
2024-01-15,000001,7.24,7.37,7.21,7.29,745133.0
2024-01-15,300750,134.81,135.01,130.66,133.01,17272200.0
2024-01-15,600519,1500.66,1520.63,1500.11,1505.66,1785400.0
2024-01-16,000001,7.27,7.43,7.24,7.42,1438313.0
2024-01-16,300750,132.97,138.56,131.87,138.26,28469300.0
2024-01-16,600519,1504.16,1512.66,1490.6,1505.09,2590300.0
2024-01-17,000001,7.41,7.47,7.31,7.31,1482296.0
2024-01-17,300750,138.17,138.17,133.06,133.55,21761500.0
2024-01-17,600519,1495.66,1501.14,1442.66,1442.66,5163300.0
2024-01-18,000001,7.29,7.32,7.08,7.28,1755132.0
2024-01-18,300750,131.41,136.51,131.32,135.92,30778800.0
2024-01-18,600519,1439.66,1478.46,1421.21,1476.53,6044000.0
2024-01-19,000001,7.24,7.28,7.18,7.25,963981.0
2024-01-19,300750,135.11,139.2,134.71,136.21,26594900.0
2024-01-19,600519,1474.53,1503.67,1466.54,1500.66,4637800.0
2024-01-22,000001,7.24,7.34,7.12,7.18,1580320.0
2024-01-22,300750,134.81,141.26,131.96,136.97,40488800.0
2024-01-22,600519,1494.66,1508.66,1484.54,1507.66,4694600.0
2024-01-23,000001,7.13,7.26,7.04,7.24,1135545.0
2024-01-23,300750,136.31,140.11,134.5,135.22,32305900.0
2024-01-23,600519,1497.67,1505.61,1474.66,1484.66,3483500.0
2024-01-24,000001,7.31,7.42,7.15,7.41,1759123.0
2024-01-24,300750,135.81,136.3,130.82,134.79,24871000.0
2024-01-24,600519,1494.66,1499.5,1469.22,1491.66,3321600.0
2024-01-25,000001,7.41,7.62,7.35,7.58,2162514.0
2024-01-25,300750,133.31,136.41,131.02,136.31,29479600.0
2024-01-25,600519,1492.48,1506.66,1487.66,1503.66,3120600.0
2024-01-26,000001,7.55,7.75,7.52,7.7,2272287.0
2024-01-26,300750,133.81,135.79,131.31,131.31,27181300.0
2024-01-26,600519,1496.02,1509.76,1488.66,1502.98,2695500.0
2024-01-29,000001,7.77,7.96,7.66,7.78,2376252.0
2024-01-29,300750,130.75,132.09,128.33,128.33,21767500.0
2024-01-29,600519,1505.96,1526.24,1505.95,1515.66,3142100.0
2024-01-30,000001,7.69,7.78,7.57,7.58,1579122.0
2024-01-30,300750,126.81,128.75,121.71,122.06,32727400.0
2024-01-30,600519,1515.64,1515.64,1475.66,1478.66,3086600.0
2024-01-31,000001,7.54,7.64,7.46,7.54,1357217.0
2024-01-31,300750,126.31,134.27,125.31,132.9,59522100.0
2024-01-31,600519,1478.66,1485.63,1463.79,1470.57,2964900.0
2024-02-01,000001,7.49,7.56,7.42,7.49,1055260.0
2024-02-01,300750,132.89,133.83,129.89,130.33,27968800.0
2024-02-01,600519,1471.16,1489.55,1466.66,1475.69,2648500.0
2024-02-02,000001,7.5,7.55,7.15,7.35,1634214.0
2024-02-02,300750,129.31,130.31,124.68,127.31,30706000.0
2024-02-02,600519,1480.66,1493.44,1446.66,1461.66,3938200.0
2024-02-05,000001,7.27,7.51,7.19,7.46,1803592.0
2024-02-05,300750,123.92,135.81,123.61,133.25,47132600.0
2024-02-05,600519,1461.66,1503.1,1460.91,1495.67,5313000.0
2024-02-06,000001,7.38,7.76,7.37,7.76,1995410.0
2024-02-06,300750,132.5,140.57,132.13,139.64,43745900.0
2024-02-06,600519,1495.67,1551.14,1491.76,1541.66,5247200.0
2024-02-07,000001,7.7,7.75,7.56,7.69,2062015.0
2024-02-07,300750,139.31,141.1,137.31,140.91,36607000.0
2024-02-07,600519,1546.69,1580.25,1527.27,1576.65,5260100.0
2024-02-08,000001,7.66,7.75,7.6,7.75,1656814.0
2024-02-08,300750,140.81,146.31,140.19,144.15,30901200.0
2024-02-08,600519,1585.67,1590.66,1550.66,1571.66,4675700.0
2024-02-19,000001,7.84,7.89,7.73,7.89,1605243.0
2024-02-19,300750,146.27,146.27,140.4,141.4,27092500.0
2024-02-19,600519,1603.53,1603.59,1553.66,1561.09,3697700.0
2024-02-20,000001,7.87,7.92,7.81,7.9,1123564.0
2024-02-20,300750,143.19,143.19,137.38,139.64,22194800.0
2024-02-20,600519,1563.02,1563.02,1522.22,1535.66,3447000.0
2024-02-21,000001,7.86,8.88,7.85,8.88,5055285.0
2024-02-21,300750,138.69,144.61,137.65,142.51,25782700.0
2024-02-21,600519,1531.68,1596.66,1527.66,1583.32,4615400.0
2024-02-22,000001,8.73,8.99,8.7,8.98,4922325.0
2024-02-22,300750,142.64,142.64,140.19,141.66,20955900.0
2024-02-22,600519,1573.16,1588.67,1566.19,1584.04,2279400.0
2024-02-23,000001,8.96,9.32,8.92,8.93,3567480.0
2024-02-23,300750,143.28,143.31,140.37,141.81,21017600.0
2024-02-23,600519,1576.77,1590.04,1565.68,1579.75,2730600.0
2024-02-26,000001,8.86,8.96,8.58,8.61,2862609.0
2024-02-26,300750,140.54,141.3,136.01,137.31,36066400.0
2024-02-26,600519,1573.66,1574.4,1550.68,1560.64,2731800.0
2024-02-27,000001,8.57,8.68,8.54,8.58,1981905.0
2024-02-27,300750,136.39,139.16,135.85,139.14,29040100.0
2024-02-27,600519,1548.66,1558.58,1543.66,1555.16,2208000.0
2024-02-28,000001,8.59,8.78,8.48,8.57,3082693.0
2024-02-28,300750,139.49,144.61,138.32,138.32,40091700.0
2024-02-28,600519,1554.58,1562.23,1539.67,1547.21,3186700.0
2024-02-29,000001,8.5,8.67,8.49,8.67,1845344.0
2024-02-29,300750,137.41,145.08,136.97,144.82,39167500.0
2024-02-29,600519,1547.21,1562.16,1544.86,1560.66,2475800.0
2024-03-01,000001,8.67,8.68,8.51,8.57,1828103.0
2024-03-01,300750,144.84,146.87,143.71,145.86,28101300.0
2024-03-01,600519,1555.66,1560.63,1542.34,1550.72,2686800.0
2024-03-04,000001,8.53,8.58,8.4,8.41,1655930.0
2024-03-04,300750,146.31,149.17,144.08,145.21,26808600.0
2024-03-04,600519,1544.66,1546.65,1535.71,1541.96,2648500.0
2024-03-05,000001,8.38,8.55,8.34,8.51,1817319.0
2024-03-05,300750,143.41,146.51,141.31,145.96,27549600.0
2024-03-05,600519,1536.47,1562.66,1532.34,1560.76,3623800.0
2024-03-06,000001,8.48,8.53,8.41,8.41,1345640.0
2024-03-06,300750,143.89,148.21,143.01,144.95,18718000.0
2024-03-06,600519,1556.66,1560.66,1543.68,1546.21,2214200.0
2024-03-07,000001,8.41,8.72,8.41,8.46,2016166.0
2024-03-07,300750,144.31,145.48,140.79,141.46,22145000.0
2024-03-07,600519,1545.66,1555.46,1543.66,1549.29,2159900.0
2024-03-08,000001,8.43,8.52,8.38,8.46,1113974.0
2024-03-08,300750,140.44,142.11,137.96,139.31,20217000.0
2024-03-08,600519,1546.22,1552.34,1535.71,1537.09,2215600.0
2024-03-11,000001,8.46,8.55,8.42,8.55,1210673.0
2024-03-11,300750,146.31,162.96,145.41,162.16,76335000.0
2024-03-11,600519,1540.66,1564.54,1538.84,1560.15,2989500.0
2024-03-12,000001,8.56,8.67,8.49,8.64,1641262.0
2024-03-12,300750,164.65,167.74,161.31,167.15,62164900.0
2024-03-12,600519,1559.6,1614.76,1556.16,1610.66,5422700.0
2024-03-13,000001,8.61,8.63,8.38,8.41,1768039.0
2024-03-13,300750,168.31,169.0,164.61,166.49,34795800.0
2024-03-13,600519,1605.63,1613.66,1585.76,1593.11,2650000.0
2024-03-14,000001,8.38,8.46,8.28,8.31,1409400.0
2024-03-14,300750,166.2,169.27,164.27,165.12,30535600.0
2024-03-14,600519,1584.66,1600.5,1577.16,1582.29,1940500.0
2024-03-15,000001,8.63,8.83,8.58,8.68,3750208.0
2024-03-15,300750,164.94,165.21,158.16,162.31,35483600.0
2024-03-15,600519,1578.16,1598.06,1577.66,1583.15,1783400.0
2024-03-18,000001,8.64,8.69,8.57,8.62,1671397.0
2024-03-18,300750,171.35,175.07,170.26,172.27,48305200.0
2024-03-18,600519,1580.66,1585.51,1564.66,1573.92,2605500.0
2024-03-19,000001,8.61,8.62,8.47,8.48,1293216.0
2024-03-19,300750,171.8,173.61,167.91,168.56,26957600.0
2024-03-19,600519,1568.66,1585.6,1558.77,1573.68,2394800.0
2024-03-20,000001,8.46,8.55,8.45,8.53,872663.0
2024-03-20,300750,166.82,172.55,166.82,170.79,21031600.0
2024-03-20,600519,1569.02,1579.34,1565.89,1575.26,1524900.0
2024-03-21,000001,8.53,8.6,8.5,8.55,864466.0
2024-03-21,300750,170.82,173.19,170.39,170.39,18756700.0
2024-03-21,600519,1573.76,1584.66,1570.16,1574.66,1659600.0
2024-03-22,000001,8.53,8.53,8.39,8.44,1028142.0
2024-03-22,300750,170.4,171.22,166.3,167.82,19103400.0
2024-03-22,600519,1570.69,1574.65,1553.66,1567.01,2545600.0
2024-03-25,000001,8.43,8.57,8.4,8.48,953202.0
2024-03-25,300750,166.88,169.51,165.79,166.11,16413400.0
2024-03-25,600519,1564.2,1564.43,1546.24,1554.67,2447300.0
2024-03-26,000001,8.53,8.74,8.5,8.68,1740021.0
2024-03-26,300750,167.01,174.44,167.0,173.11,30247300.0
2024-03-26,600519,1553.12,1578.46,1553.12,1574.95,2806900.0
2024-03-27,000001,8.64,8.71,8.59,8.61,1274136.0
2024-03-27,300750,173.05,173.06,169.31,169.31,20645700.0
2024-03-27,600519,1570.66,1577.66,1564.66,1566.66,1811300.0
2024-03-28,000001,8.59,8.65,8.46,8.57,1302189.0
2024-03-28,300750,169.38,173.01,167.91,170.09,20036700.0
2024-03-28,600519,1560.66,1583.66,1558.86,1567.3,2464200.0
2024-03-29,000001,8.53,8.65,8.51,8.6,872759.0
2024-03-29,300750,171.61,176.31,170.69,171.47,16464800.0
2024-03-29,600519,1567.3,1576.65,1563.76,1568.56,1345700.0
2024-04-01,000001,8.6,8.73,8.59,8.72,1191088.0
2024-04-01,300750,175.31,181.14,174.71,179.15,27513200.0
2024-04-01,600519,1575.65,1599.66,1574.36,1586.99,2713100.0
2024-04-02,000001,8.71,8.76,8.61,8.63,1085458.0
2024-04-02,300750,179.41,182.88,177.81,181.01,24038100.0
2024-04-02,600519,1587.66,1590.65,1570.71,1579.65,2544900.0
2024-04-03,000001,8.61,8.63,8.5,8.54,981846.0
2024-04-03,300750,180.25,180.26,175.91,178.96,23489000.0
2024-04-03,600519,1599.66,1605.1,1575.68,1580.77,2904600.0
2024-04-08,000001,8.5,8.57,8.45,8.51,906361.0
2024-04-08,300750,178.96,181.21,175.91,175.91,18957600.0
2024-04-08,600519,1560.66,1561.66,1528.26,1532.32,5916700.0
2024-04-09,000001,8.51,8.55,8.44,8.48,857157.0
2024-04-09,300750,175.31,177.81,175.02,177.31,14570000.0
2024-04-09,600519,1526.33,1538.66,1524.11,1527.88,2559000.0
2024-04-10,000001,8.46,8.49,8.35,8.36,1246391.0
2024-04-10,300750,175.42,176.31,172.84,174.05,17961500.0
2024-04-10,600519,1527.93,1530.65,1510.66,1513.64,2763100.0
2024-04-11,000001,8.32,8.37,8.2,8.33,1010213.0
2024-04-11,300750,172.12,175.61,168.31,173.91,19295400.0
2024-04-11,600519,1505.77,1515.66,1500.35,1513.66,2276600.0
2024-04-12,000001,8.3,8.35,8.12,8.14,1305454.0
2024-04-12,300750,172.31,173.29,169.32,169.7,16625600.0
2024-04-12,600519,1516.66,1529.66,1499.69,1499.69,2674400.0
2024-04-15,000001,8.15,8.4,8.14,8.37,1453203.0
2024-04-15,300750,175.16,178.45,173.17,178.45,30548300.0
2024-04-15,600519,1500.67,1541.27,1500.64,1538.64,3581800.0
2024-04-16,000001,8.36,8.47,8.3,8.36,1478036.0
2024-04-16,300750,180.31,180.61,176.23,178.46,27623100.0
2024-04-16,600519,1531.15,1545.22,1524.66,1535.66,2626600.0
2024-04-17,000001,8.34,8.71,8.29,8.7,2232641.0
2024-04-17,300750,176.66,178.24,174.33,177.3,21619200.0
2024-04-17,600519,1533.66,1540.86,1523.66,1532.66,2481900.0
2024-04-18,000001,8.66,9.11,8.64,8.88,3165914.0
2024-04-18,300750,175.28,178.76,172.7,176.87,19539600.0
2024-04-18,600519,1524.67,1548.64,1523.84,1536.44,2656800.0
2024-04-19,000001,8.79,8.9,8.74,8.77,1457675.0
2024-04-19,300750,174.37,175.77,170.82,172.11,18491500.0
2024-04-19,600519,1526.44,1534.16,1506.94,1512.3,2350000.0
2024-04-22,000001,8.72,8.89,8.53,8.58,2009818.0
2024-04-22,300750,174.11,176.2,171.88,171.91,15098700.0
2024-04-22,600519,1519.66,1544.54,1510.66,1540.72,2995100.0
2024-04-23,000001,8.59,8.73,8.54,8.62,1240027.0
2024-04-23,300750,172.44,173.81,169.19,171.24,11113800.0
2024-04-23,600519,1540.66,1560.66,1540.66,1557.94,2498000.0
2024-04-24,000001,8.6,8.65,8.54,8.61,941568.0
2024-04-24,300750,173.31,173.71,167.71,170.91,15154300.0
2024-04-24,600519,1562.64,1565.57,1548.99,1559.26,1708600.0
2024-04-25,000001,8.58,8.7,8.56,8.69,1113812.0
2024-04-25,300750,169.88,175.66,169.2,174.51,16418300.0
2024-04-25,600519,1555.99,1561.26,1547.91,1558.7,1447600.0
2024-04-26,000001,8.67,8.75,8.56,8.68,1607628.0
2024-04-26,300750,173.32,180.19,173.32,179.79,22488100.0
2024-04-26,600519,1559.66,1579.66,1559.64,1575.09,3099600.0
2024-04-29,000001,8.64,8.98,8.6,8.89,2169177.0
2024-04-29,300750,181.88,194.81,181.31,190.94,43863000.0
2024-04-29,600519,1562.61,1593.66,1559.48,1569.66,4133200.0
2024-04-30,000001,8.88,8.96,8.81,8.87,1324557.0
2024-04-30,300750,192.09,192.09,188.33,188.93,21433000.0
2024-04-30,600519,1570.67,1595.54,1570.66,1570.66,3076000.0
2024-05-06,000001,9.04,9.19,8.92,8.97,1784101.0
2024-05-06,300750,197.33,198.03,192.36,193.31,27099900.0
2024-05-06,600519,1599.63,1630.66,1592.66,1625.86,5990900.0
2024-05-07,000001,8.95,8.97,8.84,8.96,1087057.0
2024-05-07,300750,192.51,194.21,191.48,193.21,13179900.0
2024-05-07,600519,1631.45,1643.46,1622.34,1635.66,2492500.0
2024-05-08,000001,8.92,8.96,8.79,8.81,1221791.0
2024-05-08,300750,193.33,194.13,189.44,189.56,12433000.0
2024-05-08,600519,1635.35,1635.63,1621.33,1629.63,1476900.0
2024-05-09,000001,8.79,8.9,8.79,8.84,1069461.0
2024-05-09,300750,192.6,196.84,192.53,195.73,21921600.0
2024-05-09,600519,1623.66,1630.64,1615.66,1621.66,2238700.0
2024-05-10,000001,8.85,9.04,8.84,9.02,1767836.0
2024-05-10,300750,195.73,195.73,189.33,189.83,22801100.0
2024-05-10,600519,1626.76,1633.54,1599.65,1604.64,2620700.0
2024-05-13,000001,8.98,9.09,8.89,9.05,1402499.0
2024-05-13,300750,182.63,188.1,181.84,185.68,22196700.0
2024-05-13,600519,1597.68,1598.32,1566.88,1571.66,3766200.0
2024-05-14,000001,9.08,9.14,8.96,8.99,1075784.0
2024-05-14,300750,186.93,187.53,184.45,185.34,10694700.0
2024-05-14,600519,1571.65,1578.93,1565.67,1567.64,2127400.0
2024-05-15,000001,8.98,9.0,8.89,8.91,868297.0
2024-05-15,300750,185.34,189.66,183.83,184.22,13074100.0
2024-05-15,600519,1568.24,1573.66,1564.25,1565.66,1573900.0
2024-05-16,000001,8.93,9.29,8.91,9.25,3076292.0
2024-05-16,300750,185.13,187.97,183.31,186.0,15378200.0
2024-05-16,600519,1570.66,1575.54,1555.66,1570.16,2968000.0
2024-05-17,000001,9.26,9.5,9.21,9.5,2841749.0
2024-05-17,300750,186.03,189.33,184.91,189.33,18496200.0
2024-05-17,600519,1565.67,1582.24,1565.66,1580.66,2892400.0
2024-05-20,000001,9.51,9.61,9.39,9.46,2170210.0
2024-05-20,300750,193.53,194.21,189.34,189.78,19917200.0
2024-05-20,600519,1583.65,1598.65,1573.77,1574.66,3142600.0
2024-05-21,000001,9.4,9.7,9.39,9.63,2030049.0
2024-05-21,300750,190.0,190.91,186.89,187.89,12296400.0
2024-05-21,600519,1573.66,1575.39,1563.82,1570.66,1629300.0
2024-05-22,000001,9.64,9.82,9.54,9.64,2115531.0
2024-05-22,300750,188.83,193.33,187.93,191.22,25236600.0
2024-05-22,600519,1568.66,1575.62,1556.66,1563.37,2028600.0
2024-05-23,000001,9.61,9.67,9.45,9.48,1841623.0
2024-05-23,300750,190.53,191.98,189.46,190.67,17654800.0
2024-05-23,600519,1565.66,1572.04,1555.74,1557.67,1888500.0
2024-05-24,000001,9.45,9.57,9.38,9.39,1398276.0
2024-05-24,300750,189.13,191.19,187.12,187.31,15510700.0
2024-05-24,600519,1558.66,1560.66,1542.66,1542.74,2021700.0
2024-05-27,000001,9.39,9.61,9.39,9.59,1454361.0
2024-05-27,300750,188.13,188.13,184.83,186.34,16361800.0
2024-05-27,600519,1543.66,1553.11,1533.67,1535.78,2509800.0
2024-05-28,000001,9.58,9.66,9.44,9.48,1204323.0
2024-05-28,300750,185.79,186.91,183.93,184.13,12690000.0
2024-05-28,600519,1536.06,1540.83,1528.66,1530.3,2352100.0
2024-05-29,000001,9.46,9.53,9.31,9.34,1444811.0
2024-05-29,300750,184.34,188.83,184.13,185.12,13338800.0
2024-05-29,600519,1531.66,1545.66,1530.66,1539.66,1965100.0
2024-05-30,000001,9.32,9.42,9.14,9.2,1325496.0
2024-05-30,300750,185.38,187.21,183.99,185.68,12784000.0
2024-05-30,600519,1540.66,1541.04,1514.66,1514.66,3220800.0
2024-05-31,000001,9.22,9.27,9.19,9.19,826707.0
2024-05-31,300750,185.68,188.58,184.09,184.09,13808600.0
2024-05-31,600519,1516.16,1529.16,1514.11,1514.11,2185700.0
2024-06-03,000001,9.2,9.21,8.99,9.06,1326697.0
2024-06-03,300750,184.09,189.93,182.13,188.83,18718100.0
2024-06-03,600519,1515.66,1516.58,1500.77,1505.05,3026100.0
2024-06-04,000001,9.03,9.13,8.99,9.1,981005.0
2024-06-04,300750,188.32,193.57,187.33,192.3,17714900.0
2024-06-04,600519,1506.16,1521.66,1502.21,1518.86,2084100.0
2024-06-05,000001,9.12,9.15,8.95,8.95,1018968.0
2024-06-05,300750,192.03,194.18,190.34,190.45,11777400.0
2024-06-05,600519,1517.66,1524.34,1508.69,1509.66,1905600.0
2024-06-06,000001,8.98,9.06,8.96,8.98,1049332.0
2024-06-06,300750,190.31,193.21,188.53,191.12,12412600.0
2024-06-06,600519,1509.32,1517.65,1501.57,1505.47,2561000.0
2024-06-07,000001,9.0,9.09,8.97,9.07,1170126.0
2024-06-07,300750,185.19,188.78,173.92,179.53,51686800.0
2024-06-07,600519,1511.79,1511.84,1484.67,1484.84,3352500.0
2024-06-11,000001,9.06,9.1,8.87,8.95,1337629.0
2024-06-11,300750,175.33,178.33,170.94,175.1,42072400.0
2024-06-11,600519,1468.65,1470.66,1432.66,1434.66,7024700.0
2024-06-12,000001,8.93,8.99,8.86,8.96,957426.0
2024-06-12,300750,172.33,176.09,171.81,171.93,20310400.0
2024-06-12,600519,1435.66,1455.66,1435.66,1437.34,3317100.0
2024-06-13,000001,8.97,9.01,8.88,8.88,1203508.0
2024-06-13,300750,173.33,176.34,171.45,171.51,22117600.0
2024-06-13,600519,1442.43,1442.55,1418.81,1420.67,3618600.0
2024-06-14,000001,8.95,9.03,8.79,8.98,1637990.0
2024-06-14,300750,172.43,172.91,164.91,171.22,37184900.0
2024-06-14,600519,1420.66,1429.62,1386.12,1420.66,5951400.0
2024-06-17,000001,8.93,8.96,8.88,8.9,681217.0
2024-06-17,300750,168.88,176.83,168.64,174.53,26929300.0
2024-06-17,600519,1397.95,1414.43,1376.67,1407.16,4831800.0
2024-06-18,000001,8.91,8.96,8.84,8.88,700653.0
2024-06-18,300750,174.48,176.8,173.35,176.66,15652900.0
2024-06-18,600519,1396.55,1420.2,1382.34,1387.16,4125800.0
2024-06-19,000001,8.9,9.01,8.88,8.95,796184.0
2024-06-19,300750,176.93,177.03,174.01,175.34,10754000.0
2024-06-19,600519,1394.53,1400.54,1378.64,1397.54,4126200.0
2024-06-20,000001,8.96,8.97,8.85,8.85,629628.0
2024-06-20,300750,176.32,176.44,173.43,174.32,11562400.0
2024-06-20,600519,1396.54,1412.55,1394.54,1396.64,2471100.0
2024-06-21,000001,8.85,8.89,8.75,8.8,830545.0
2024-06-21,300750,174.64,175.29,168.7,171.49,18467700.0
2024-06-21,600519,1397.04,1401.52,1366.76,1367.54,4332000.0
2024-06-24,000001,8.77,8.87,8.68,8.78,947082.0
2024-06-24,300750,169.33,174.32,169.33,173.31,18035500.0
2024-06-24,600519,1319.54,1385.53,1310.55,1373.09,6384000.0
2024-06-25,000001,8.79,8.93,8.78,8.88,769993.0
2024-06-25,300750,173.33,175.53,171.93,172.65,14414400.0
2024-06-25,600519,1373.54,1399.53,1373.54,1383.19,4209800.0
2024-06-26,000001,8.86,8.93,8.82,8.88,628599.0
2024-06-26,300750,171.45,172.96,169.53,171.84,10481400.0
2024-06-26,600519,1376.54,1397.61,1374.34,1385.76,2957000.0
2024-06-27,000001,8.86,9.01,8.8,8.93,928882.0
2024-06-27,300750,171.84,172.21,169.34,171.33,12653600.0
2024-06-27,600519,1388.54,1390.51,1364.54,1387.03,3282200.0
2024-06-28,000001,8.9,9.06,8.89,8.95,918090.0
2024-06-28,300750,170.13,171.81,166.17,166.36,19420500.0
2024-06-28,600519,1376.54,1391.03,1360.54,1363.93,3858200.0
2024-07-01,000001,8.89,9.15,8.84,9.15,1343051.0
2024-07-01,300750,165.52,165.61,157.5,162.4,26995700.0
2024-07-01,600519,1365.42,1369.53,1324.54,1336.92,3216100.0
2024-07-02,000001,9.1,9.28,9.08,9.2,1384386.0
2024-07-02,300750,160.18,163.29,158.44,162.41,14415600.0
2024-07-02,600519,1329.54,1394.54,1329.54,1387.24,5185300.0
2024-07-03,000001,9.2,9.23,9.09,9.11,713067.0
2024-07-03,300750,163.33,168.83,162.64,165.83,16205300.0
2024-07-03,600519,1395.54,1409.55,1384.56,1396.54,3157300.0
2024-07-04,000001,9.1,9.18,9.05,9.06,735044.0
2024-07-04,300750,166.72,169.32,165.53,165.93,11834600.0
2024-07-04,600519,1401.54,1408.54,1377.67,1382.28,2438000.0
2024-07-05,000001,9.06,9.09,8.72,8.77,1713354.0
2024-07-05,300750,167.33,168.82,162.83,163.95,13524700.0
2024-07-05,600519,1375.54,1389.72,1346.54,1349.54,3882900.0
2024-07-08,000001,8.74,8.82,8.65,8.73,868660.0
2024-07-08,300750,162.34,164.7,161.34,162.24,10806400.0
2024-07-08,600519,1339.54,1354.31,1315.68,1316.54,3952700.0
2024-07-09,000001,8.74,8.9,8.71,8.87,1032485.0
2024-07-09,300750,161.63,163.63,159.42,162.1,16443900.0
2024-07-09,600519,1316.54,1351.43,1306.64,1334.57,3362100.0
2024-07-10,000001,8.87,9.0,8.85,8.94,873865.0
2024-07-10,300750,161.34,166.42,159.38,159.38,17772900.0
2024-07-10,600519,1335.79,1362.42,1331.54,1334.13,2376300.0
2024-07-11,000001,9.01,9.03,8.87,8.93,721392.0
2024-07-11,300750,161.33,165.31,159.82,163.34,20811100.0
2024-07-11,600519,1346.51,1365.54,1336.75,1358.63,2902000.0
2024-07-12,000001,8.92,9.11,8.92,9.11,1214164.0
2024-07-12,300750,164.18,168.1,163.33,166.13,19550500.0
2024-07-12,600519,1369.55,1382.94,1361.99,1375.36,2338600.0
2024-07-15,000001,9.11,9.15,9.06,9.13,869412.0
2024-07-15,300750,164.63,166.28,163.44,164.45,11469700.0
2024-07-15,600519,1366.54,1384.54,1366.54,1371.44,1917600.0
2024-07-16,000001,9.13,9.17,9.04,9.1,943008.0
2024-07-16,300750,163.83,166.83,163.63,165.63,15148700.0
2024-07-16,600519,1372.54,1378.54,1361.59,1372.54,2031600.0
2024-07-17,000001,9.1,9.22,9.08,9.2,1220168.0
2024-07-17,300750,164.33,168.99,162.27,167.22,18590100.0
2024-07-17,600519,1372.64,1399.54,1366.56,1397.94,3431100.0
2024-07-18,000001,9.18,9.23,9.1,9.21,1087061.0
2024-07-18,300750,166.33,175.43,166.01,174.68,31994400.0
2024-07-18,600519,1396.04,1411.54,1389.07,1394.05,2887000.0
2024-07-19,000001,9.18,9.22,9.09,9.17,898723.0
2024-07-19,300750,172.68,176.42,172.53,175.77,20847600.0
2024-07-19,600519,1387.35,1425.72,1380.55,1422.16,3894300.0
2024-07-22,000001,9.16,9.18,8.99,9.03,994481.0
2024-07-22,300750,177.52,180.51,173.73,175.85,17168300.0
2024-07-22,600519,1421.57,1426.52,1388.19,1395.54,2854300.0
2024-07-23,000001,9.05,9.13,8.96,8.98,1020154.0
2024-07-23,300750,175.34,176.03,172.53,172.53,11903100.0
2024-07-23,600519,1395.54,1397.54,1351.54,1351.54,3094400.0
2024-07-24,000001,8.98,9.04,8.92,8.93,724518.0
2024-07-24,300750,172.33,175.42,171.72,172.65,14468100.0
2024-07-24,600519,1346.74,1360.24,1331.54,1336.56,2412300.0
2024-07-25,000001,8.92,8.95,8.8,8.89,856404.0
2024-07-25,300750,172.45,177.06,171.39,174.06,20595900.0
2024-07-25,600519,1336.56,1344.54,1316.55,1327.03,2834700.0
2024-07-26,000001,8.9,8.92,8.77,8.83,929552.0
2024-07-26,300750,176.33,179.63,174.38,175.68,23347700.0
2024-07-26,600519,1327.03,1334.26,1307.44,1318.73,3235400.0
2024-07-29,000001,8.82,8.94,8.77,8.91,781552.0
2024-07-29,300750,173.33,173.33,166.33,170.86,21362400.0
2024-07-29,600519,1311.54,1318.53,1294.54,1294.56,3086900.0
2024-07-30,000001,8.9,8.93,8.83,8.88,613268.0
2024-07-30,300750,169.55,171.66,169.55,171.22,12725200.0
2024-07-30,600519,1282.52,1286.81,1257.84,1276.53,5177900.0
2024-07-31,000001,8.88,9.08,8.87,9.07,1096906.0
2024-07-31,300750,168.33,173.21,168.33,172.64,19896900.0
2024-07-31,600519,1269.64,1323.81,1269.64,1317.82,4327200.0
2024-08-01,000001,9.05,9.12,8.97,9.07,733884.0
2024-08-01,300750,171.33,172.33,166.43,166.63,23012700.0
2024-08-01,600519,1314.54,1316.54,1281.24,1282.7,3203800.0
2024-08-02,000001,9.02,9.05,8.93,8.94,590229.0
2024-08-02,300750,165.33,166.33,163.07,163.42,15493700.0
2024-08-02,600519,1270.14,1293.51,1270.14,1281.99,2192800.0
2024-08-05,000001,8.91,9.02,8.85,8.85,758979.0
2024-08-05,300750,161.34,166.52,161.33,163.33,19347700.0
2024-08-05,600519,1285.42,1322.54,1282.06,1306.55,3773600.0
2024-08-06,000001,8.87,8.92,8.69,8.73,1265537.0
2024-08-06,300750,164.74,165.72,160.04,161.28,15768700.0
2024-08-06,600519,1318.54,1320.54,1290.55,1301.24,2744400.0
2024-08-07,000001,8.75,8.78,8.71,8.73,517608.0
2024-08-07,300750,161.28,162.56,160.0,160.0,12754000.0
2024-08-07,600519,1302.04,1318.53,1294.84,1312.04,2062200.0
2024-08-08,000001,8.72,8.78,8.7,8.74,500411.0
2024-08-08,300750,159.34,159.93,156.45,158.73,14659000.0
2024-08-08,600519,1307.54,1344.72,1305.54,1327.23,2513100.0
2024-08-09,000001,8.76,8.9,8.74,8.84,730274.0
2024-08-09,300750,159.93,161.2,156.33,156.33,15413000.0
2024-08-09,600519,1356.57,1365.54,1333.34,1333.34,3013800.0
2024-08-12,000001,8.82,8.85,8.78,8.81,353013.0
2024-08-12,300750,156.9,157.45,153.13,155.33,17415600.0
2024-08-12,600519,1326.54,1339.54,1323.12,1332.64,1363200.0
2024-08-13,000001,8.82,8.83,8.72,8.75,622077.0
2024-08-13,300750,155.22,161.29,154.71,160.11,19389300.0
2024-08-13,600519,1329.54,1331.54,1308.55,1319.55,1630800.0
2024-08-14,000001,8.74,8.78,8.71,8.72,436380.0
2024-08-14,300750,159.32,160.78,158.05,158.54,9966300.0
2024-08-14,600519,1319.55,1321.44,1308.56,1309.84,1341400.0
2024-08-15,000001,8.72,8.86,8.67,8.83,776247.0
2024-08-15,300750,158.33,160.93,157.62,159.73,14481200.0
2024-08-15,600519,1301.57,1332.53,1300.49,1323.43,2303900.0
2024-08-16,000001,8.88,9.01,8.85,8.93,1260368.0
2024-08-16,300750,159.73,162.33,159.21,159.95,11150600.0
2024-08-16,600519,1323.33,1332.46,1313.55,1327.74,1645500.0
2024-08-19,000001,8.93,9.1,8.92,9.09,1482985.0
2024-08-19,300750,159.68,164.27,159.48,161.93,14035800.0
2024-08-19,600519,1328.54,1355.42,1321.54,1321.98,2043300.0
2024-08-20,000001,9.12,9.23,9.08,9.14,1569187.0
2024-08-20,300750,161.33,162.33,159.99,161.2,8437000.0
2024-08-20,600519,1326.44,1326.47,1310.54,1319.26,1859100.0
2024-08-21,000001,9.1,9.18,9.01,9.15,1034888.0
2024-08-21,300750,160.33,161.74,158.33,160.34,11147400.0
2024-08-21,600519,1316.54,1324.52,1312.23,1314.12,1509200.0
2024-08-22,000001,9.14,9.25,9.12,9.18,1109030.0
2024-08-22,300750,161.31,166.3,160.63,165.13,19901100.0
2024-08-22,600519,1312.54,1316.54,1296.55,1306.59,1952700.0
2024-08-23,000001,9.19,9.3,9.12,9.27,1071906.0
2024-08-23,300750,163.33,168.85,163.33,168.13,18415200.0
2024-08-23,600519,1304.54,1320.04,1302.66,1311.53,1532000.0
2024-08-26,000001,9.3,9.35,9.22,9.29,740675.0
2024-08-26,300750,168.23,170.89,167.33,170.25,14838700.0
2024-08-26,600519,1313.54,1320.4,1299.69,1308.54,1562800.0
2024-08-27,000001,9.27,9.32,9.17,9.23,723137.0
2024-08-27,300750,168.85,170.82,167.83,169.83,9977000.0
2024-08-27,600519,1308.54,1309.54,1297.65,1300.61,1365700.0
2024-08-28,000001,9.21,9.23,9.08,9.13,942548.0
2024-08-28,300750,169.13,170.02,167.61,169.15,10639000.0
2024-08-28,600519,1300.61,1302.54,1271.54,1285.54,3166400.0
2024-08-29,000001,9.11,9.18,8.91,8.93,1197676.0
2024-08-29,300750,165.5,169.32,165.5,167.13,15670200.0
2024-08-29,600519,1276.54,1314.54,1276.54,1309.84,2747200.0
2024-08-30,000001,8.91,9.06,8.91,8.96,1294059.0
2024-08-30,300750,167.13,172.29,167.13,170.67,25429200.0
2024-08-30,600519,1309.54,1354.61,1301.54,1339.73,3873900.0
2024-09-02,000001,8.92,9.01,8.89,8.91,968836.0
2024-09-02,300750,170.77,171.92,167.33,167.52,12985200.0
2024-09-02,600519,1326.54,1334.54,1291.54,1291.54,3413500.0
2024-09-03,000001,8.91,8.93,8.8,8.88,916581.0
2024-09-03,300750,166.63,173.03,166.35,171.98,18196900.0
2024-09-03,600519,1294.54,1311.52,1289.56,1306.54,1788800.0
2024-09-04,000001,8.85,8.95,8.8,8.82,847992.0
2024-09-04,300750,171.65,175.33,171.18,173.48,16564500.0
2024-09-04,600519,1298.54,1315.73,1296.28,1296.54,1421100.0
2024-09-05,000001,8.83,8.88,8.78,8.87,594209.0
2024-09-05,300750,173.48,175.88,172.13,173.13,12318200.0
2024-09-05,600519,1297.04,1303.54,1293.54,1301.42,1450300.0
2024-09-06,000001,8.86,9.01,8.85,8.88,878865.0
2024-09-06,300750,172.45,174.83,171.73,172.28,7525500.0
2024-09-06,600519,1301.54,1302.54,1294.54,1294.54,1032100.0
2024-09-09,000001,8.85,8.87,8.64,8.65,1639175.0
2024-09-09,300750,171.44,174.99,169.8,171.48,13475400.0
2024-09-09,600519,1276.55,1290.25,1266.62,1271.54,2863800.0
2024-09-10,000001,8.66,8.72,8.58,8.7,767901.0
2024-09-10,300750,171.83,171.83,167.38,167.49,15424400.0
2024-09-10,600519,1266.56,1289.54,1266.56,1274.54,1980300.0
2024-09-11,000001,8.68,8.68,8.43,8.45,1108727.0
2024-09-11,300750,168.73,174.11,167.49,172.89,21197100.0
2024-09-11,600519,1272.14,1282.42,1261.54,1276.54,2099600.0
2024-09-12,000001,8.45,8.57,8.41,8.54,581834.0
2024-09-12,300750,174.33,178.49,173.04,175.68,20710000.0
2024-09-12,600519,1276.54,1281.54,1231.45,1231.6,4794800.0
2024-09-13,000001,8.53,8.62,8.5,8.5,566462.0
2024-09-13,300750,175.21,175.21,169.83,169.83,17287300.0
2024-09-13,600519,1227.54,1228.54,1193.84,1200.67,5600500.0
2024-09-18,000001,8.52,8.58,8.46,8.57,443611.0
2024-09-18,300750,169.93,173.76,169.62,172.73,11377900.0
2024-09-18,600519,1196.54,1196.55,1163.2,1163.44,4618500.0
2024-09-19,000001,8.59,8.64,8.48,8.61,684293.0
2024-09-19,300750,173.33,174.55,169.93,173.23,15769400.0
2024-09-19,600519,1158.54,1189.42,1142.37,1157.54,5998800.0
2024-09-20,000001,8.61,8.7,8.58,8.7,797297.0
2024-09-20,300750,173.23,174.23,170.01,171.93,15502700.0
2024-09-20,600519,1158.04,1170.44,1146.57,1160.46,3998200.0
2024-09-23,000001,8.69,8.89,8.67,8.84,896908.0
2024-09-23,300750,172.99,175.76,171.83,174.53,15792500.0
2024-09-23,600519,1164.54,1190.04,1157.2,1158.08,4555000.0
2024-09-24,000001,8.91,9.17,8.88,9.17,1638213.0
2024-09-24,300750,178.29,184.5,175.22,183.85,35451700.0
2024-09-24,600519,1181.63,1269.54,1161.63,1269.14,10041300.0
2024-09-25,000001,9.32,9.5,9.25,9.3,2160694.0
2024-09-25,300750,193.72,193.73,188.92,189.43,42010100.0
2024-09-25,600519,1296.59,1323.54,1293.25,1295.54,7395400.0
2024-09-26,000001,9.3,9.95,9.3,9.95,3086457.0
2024-09-26,300750,190.03,193.66,185.26,191.84,35489300.0
2024-09-26,600519,1296.5,1426.41,1292.54,1425.54,9727800.0
2024-09-27,000001,10.15,10.36,9.83,10.22,3840016.0
2024-09-27,300750,198.33,218.01,198.0,213.14,70181300.0
2024-09-27,600519,1496.54,1525.74,1461.9,1525.74,8792200.0
2024-09-30,000001,10.42,11.1,10.36,11.01,5430284.0
2024-09-30,300750,219.35,241.33,218.33,238.22,91361100.0
2024-09-30,600519,1588.54,1656.42,1548.54,1644.54,15729300.0
2024-10-08,000001,12.23,12.23,11.14,11.68,5888978.0
2024-10-08,300750,282.33,287.83,253.99,285.33,137646500.0
2024-10-08,600519,1806.54,1806.54,1576.72,1619.54,19470900.0
2024-10-09,000001,11.43,11.43,10.46,10.48,4269345.0
2024-10-09,300750,266.23,266.32,241.33,241.33,108691600.0
2024-10-09,600519,1596.54,1596.54,1486.54,1491.69,12019700.0
2024-10-10,000001,10.66,11.3,10.64,11.02,3426422.0
2024-10-10,300750,241.33,252.32,236.49,244.33,60833800.0
2024-10-10,600519,1518.8,1564.62,1487.54,1536.54,7460300.0
2024-10-11,000001,11.04,11.21,10.62,10.76,2070891.0
2024-10-11,300750,241.83,241.83,224.26,228.12,47640200.0
2024-10-11,600519,1511.94,1536.5,1486.54,1501.53,4191500.0
2024-10-14,000001,11.02,11.22,10.83,11.06,2400595.0
2024-10-14,300750,236.32,239.13,231.27,236.05,46759900.0
2024-10-14,600519,1509.54,1517.17,1477.71,1498.53,4481200.0
2024-10-15,000001,10.98,11.27,10.92,10.94,2072841.0
2024-10-15,300750,236.14,237.17,227.46,227.55,32765300.0
2024-10-15,600519,1495.54,1497.53,1449.55,1450.79,4357100.0
2024-10-16,000001,10.84,11.22,10.81,11.1,1914494.0
2024-10-16,300750,225.15,225.15,219.66,220.18,33586000.0
2024-10-16,600519,1437.42,1446.34,1406.54,1419.04,4666400.0
2024-10-17,000001,11.11,11.27,10.97,10.99,1653708.0
2024-10-17,300750,220.33,225.21,217.19,217.83,26164700.0
2024-10-17,600519,1433.54,1434.2,1389.95,1391.14,3946000.0
2024-10-18,000001,10.95,11.22,10.72,11.08,2604654.0
2024-10-18,300750,216.33,245.21,215.93,236.22,68013800.0
2024-10-18,600519,1389.54,1464.38,1375.5,1437.54,6861900.0
2024-10-21,000001,10.98,10.98,10.67,10.85,2806655.0
2024-10-21,300750,245.33,248.86,238.08,239.69,58455800.0
2024-10-21,600519,1437.75,1446.51,1417.75,1425.34,4200800.0
2024-10-22,000001,10.8,10.97,10.76,10.83,1617787.0
2024-10-22,300750,240.33,240.89,233.59,236.88,27876000.0
2024-10-22,600519,1423.1,1456.72,1420.74,1439.54,3626900.0
2024-10-23,000001,10.86,10.93,10.79,10.9,1511866.0
2024-10-23,300750,234.14,241.27,233.19,235.63,32154100.0
2024-10-23,600519,1440.65,1473.49,1428.54,1464.04,4008800.0
2024-10-24,000001,10.85,10.9,10.76,10.79,885299.0
2024-10-24,300750,236.1,237.83,231.33,232.49,21465800.0
2024-10-24,600519,1457.54,1471.54,1441.55,1448.74,2392300.0
2024-10-25,000001,10.81,10.82,10.73,10.75,1105755.0
2024-10-25,300750,238.67,251.33,232.63,245.21,57898600.0
2024-10-25,600519,1443.54,1471.33,1442.55,1455.39,2774500.0
2024-10-28,000001,10.72,10.72,10.57,10.68,1169487.0
2024-10-28,300750,242.46,244.94,239.33,242.57,27601900.0
2024-10-28,600519,1456.54,1461.54,1418.77,1461.54,3912100.0
2024-10-29,000001,10.66,10.78,10.57,10.58,1198025.0
2024-10-29,300750,242.57,244.04,237.57,238.11,26994800.0
2024-10-29,600519,1456.54,1476.54,1426.54,1428.16,4116600.0
2024-10-30,000001,10.54,10.62,10.31,10.36,1482403.0
2024-10-30,300750,236.33,238.63,230.83,234.36,27134400.0
2024-10-30,600519,1421.54,1447.73,1419.95,1428.54,3200600.0
2024-10-31,000001,10.37,10.48,10.28,10.42,1250205.0
2024-10-31,300750,233.32,236.83,230.33,232.31,25500300.0
2024-10-31,600519,1428.69,1436.54,1416.54,1424.33,2995700.0
2024-11-01,000001,10.42,10.59,10.38,10.47,1589811.0
2024-11-01,300750,232.86,236.15,231.51,232.53,25915800.0
2024-11-01,600519,1417.54,1441.67,1417.34,1430.29,3228400.0
2024-11-04,000001,10.47,10.5,10.3,10.5,1131516.0
2024-11-04,300750,230.33,240.63,230.33,237.53,24247200.0
2024-11-04,600519,1441.47,1446.54,1424.6,1444.74,2909300.0
2024-11-05,000001,10.46,10.7,10.43,10.69,1665418.0
2024-11-05,300750,236.91,249.15,235.46,247.72,48482100.0
2024-11-05,600519,1436.54,1474.24,1432.55,1473.53,4564000.0
2024-11-06,000001,10.66,10.68,10.51,10.59,1462286.0
2024-11-06,300750,245.32,255.83,239.83,242.83,45239300.0
2024-11-06,600519,1471.54,1485.53,1457.76,1467.54,3763100.0
2024-11-07,000001,10.54,10.97,10.52,10.95,2242844.0
2024-11-07,300750,244.33,249.13,240.21,249.13,33571000.0
2024-11-07,600519,1459.0,1550.04,1458.84,1545.68,7473900.0
2024-11-08,000001,10.98,11.05,10.74,10.76,1895104.0
2024-11-08,300750,255.99,258.33,243.43,243.83,40294100.0
2024-11-08,600519,1557.43,1563.65,1497.55,1506.51,6077100.0
2024-11-11,000001,10.67,10.72,10.51,10.64,1486952.0
2024-11-11,300750,238.68,255.32,237.34,253.83,49153900.0
2024-11-11,600519,1486.54,1506.49,1463.73,1494.55,4385400.0
2024-11-12,000001,10.62,10.88,10.55,10.58,1717663.0
2024-11-12,300750,264.61,271.53,257.31,259.35,74403000.0
2024-11-12,600519,1485.54,1519.54,1470.49,1473.74,4922300.0
2024-11-13,000001,10.54,10.74,10.52,10.65,1086263.0
2024-11-13,300750,255.33,274.53,253.1,268.33,55773700.0
2024-11-13,600519,1464.54,1483.2,1457.82,1475.04,2912500.0
2024-11-14,000001,10.63,10.74,10.57,10.58,1159783.0
2024-11-14,300750,269.33,271.32,260.99,261.33,42657200.0
2024-11-14,600519,1466.54,1490.99,1462.19,1470.34,2924800.0
2024-11-15,000001,10.54,10.65,10.46,10.48,1215784.0
2024-11-15,300750,255.83,261.33,251.89,251.89,35198300.0
2024-11-15,600519,1465.54,1480.34,1449.54,1455.54,3376100.0
2024-11-18,000001,10.67,11.08,10.66,10.79,3797324.0
2024-11-18,300750,251.89,257.28,247.33,249.25,30650000.0
2024-11-18,600519,1458.54,1472.53,1451.54,1455.54,2709200.0
2024-11-19,000001,10.79,11.0,10.59,10.72,2430037.0
2024-11-19,300750,248.35,258.33,244.33,255.05,34812900.0
2024-11-19,600519,1461.54,1465.91,1421.54,1438.46,3326600.0
2024-11-20,000001,10.71,10.79,10.65,10.68,1286572.0
2024-11-20,300750,253.28,256.23,250.93,253.88,22708800.0
2024-11-20,600519,1439.54,1450.51,1427.84,1441.35,2134500.0
2024-11-21,000001,10.66,10.69,10.6,10.63,883408.0
2024-11-21,300750,251.99,257.76,249.99,254.59,20550800.0
2024-11-21,600519,1440.41,1445.53,1428.54,1441.67,1826200.0
2024-11-22,000001,10.63,10.65,10.32,10.32,1625317.0
2024-11-22,300750,254.26,255.33,245.21,245.43,22555100.0
2024-11-22,600519,1437.69,1444.31,1404.36,1404.36,3343600.0
2024-11-25,000001,10.32,10.38,10.18,10.22,1166020.0
2024-11-25,300750,249.39,252.89,247.51,250.43,26239100.0
2024-11-25,600519,1407.54,1428.54,1393.21,1395.11,3318600.0
2024-11-26,000001,10.22,10.35,10.18,10.31,831078.0
2024-11-26,300750,247.9,250.3,241.99,243.05,27360400.0
2024-11-26,600519,1395.11,1415.42,1385.42,1405.54,2574500.0
2024-11-27,000001,10.28,10.43,10.19,10.43,895178.0
2024-11-27,300750,241.03,247.23,237.8,246.23,27400700.0
2024-11-27,600519,1405.54,1418.69,1401.54,1415.59,2593400.0
2024-11-28,000001,10.43,10.46,10.36,10.38,733169.0
2024-11-28,300750,245.53,245.86,239.83,241.03,22355600.0
2024-11-28,600519,1418.54,1421.53,1398.54,1414.54,2395200.0
2024-11-29,000001,10.41,10.5,10.38,10.42,1028488.0
2024-11-29,300750,237.56,254.32,237.56,247.57,31366300.0
2024-11-29,600519,1413.54,1451.54,1409.75,1422.28,3608800.0
2024-12-02,000001,10.43,10.44,10.35,10.43,975434.0
2024-12-02,300750,244.97,249.88,243.54,248.52,20647500.0
2024-12-02,600519,1422.54,1426.53,1411.64,1421.54,2682000.0
2024-12-03,000001,10.41,10.54,10.39,10.53,1082559.0
2024-12-03,300750,247.33,249.32,245.33,248.17,17310800.0
2024-12-03,600519,1420.54,1425.44,1412.62,1423.28,2480700.0
2024-12-04,000001,10.48,10.57,10.41,10.5,1007471.0
2024-12-04,300750,246.33,248.33,243.83,245.3,16181400.0
2024-12-04,600519,1416.61,1420.2,1406.54,1416.54,2392400.0
2024-12-05,000001,10.48,10.54,10.45,10.48,687109.0
2024-12-05,300750,244.32,245.28,241.34,242.33,16021600.0
2024-12-05,600519,1407.4,1414.4,1406.54,1407.54,1614100.0
2024-12-06,000001,10.48,10.74,10.47,10.7,1726269.0
2024-12-06,300750,242.33,256.23,241.33,252.88,33038100.0
2024-12-06,600519,1409.54,1435.44,1404.61,1417.55,3204000.0
2024-12-09,000001,10.67,10.76,10.63,10.71,964063.0
2024-12-09,300750,253.32,255.99,250.74,254.38,22456100.0
2024-12-09,600519,1418.56,1426.26,1409.74,1415.34,1980000.0
2024-12-10,000001,10.94,10.99,10.79,10.83,2167807.0
2024-12-10,300750,267.61,267.83,255.66,256.9,32904400.0
2024-12-10,600519,1466.54,1476.27,1441.72,1443.13,6031200.0
2024-12-11,000001,10.83,10.87,10.76,10.77,967691.0
2024-12-11,300750,260.29,265.83,252.85,253.43,19400800.0
2024-12-11,600519,1436.54,1451.54,1427.52,1432.14,2967100.0
2024-12-12,000001,10.77,10.91,10.75,10.89,986235.0
2024-12-12,300750,252.23,261.71,251.53,260.04,22329500.0
2024-12-12,600519,1428.56,1462.54,1425.54,1462.34,4193700.0
2024-12-13,000001,10.83,10.84,10.6,10.6,1343793.0
2024-12-13,300750,256.21,258.33,252.33,253.36,28316400.0
2024-12-13,600519,1446.55,1451.53,1415.42,1415.54,4951200.0
2024-12-16,000001,10.6,10.7,10.57,10.61,805718.0
2024-12-16,300750,252.55,255.83,250.38,253.53,16257500.0
2024-12-16,600519,1417.54,1425.54,1407.25,1423.74,3253700.0
2024-12-17,000001,10.61,10.69,10.56,10.57,802120.0
2024-12-17,300750,253.33,264.33,252.87,260.13,28214600.0
2024-12-17,600519,1422.53,1465.54,1417.55,1454.54,5417200.0
2024-12-18,000001,10.62,10.78,10.61,10.69,1016590.0
2024-12-18,300750,260.64,261.06,256.64,257.74,15085300.0
2024-12-18,600519,1454.51,1473.54,1443.64,1468.04,4116200.0
2024-12-19,000001,10.63,10.68,10.58,10.63,697379.0
2024-12-19,300750,255.59,258.68,252.95,256.12,15346000.0
2024-12-19,600519,1461.68,1464.47,1446.87,1447.55,2480900.0
2024-12-20,000001,10.63,10.74,10.62,10.66,714646.0
2024-12-20,300750,256.12,257.13,246.65,249.04,27740100.0
2024-12-20,600519,1451.55,1462.22,1440.44,1442.42,2815800.0
2024-12-23,000001,10.68,10.88,10.68,10.77,1659405.0
2024-12-23,300750,249.04,255.21,249.04,249.83,20639400.0
2024-12-23,600519,1443.42,1458.42,1437.42,1446.87,2160300.0
2024-12-24,000001,10.76,10.91,10.76,10.9,1350837.0
2024-12-24,300750,249.33,254.58,249.33,254.56,19615400.0
2024-12-24,600519,1445.42,1464.42,1442.01,1459.24,2210500.0
2024-12-25,000001,10.9,11.06,10.88,10.96,1475283.0
2024-12-25,300750,255.24,257.24,252.59,254.3,11413800.0
2024-12-25,600519,1459.22,1459.22,1446.52,1450.42,1712300.0
2024-12-26,000001,10.96,10.97,10.82,10.9,1000075.0
2024-12-26,300750,253.53,253.53,247.33,247.58,22443800.0
2024-12-26,600519,1454.42,1459.2,1443.42,1448.21,1828700.0
2024-12-27,000001,10.91,10.94,10.7,10.87,1290012.0
2024-12-27,300750,246.9,249.75,241.33,248.33,24351900.0
2024-12-27,600519,1449.32,1456.42,1439.92,1449.39,2075900.0
2024-12-30,000001,10.82,11.01,10.82,10.99,1351846.0
2024-12-30,300750,247.21,253.83,246.84,252.91,22631400.0
2024-12-30,600519,1454.39,1464.38,1445.42,1445.42,2513000.0
2024-12-31,000001,10.97,11.03,10.74,10.74,1475367.0
2024-12-31,300750,251.42,256.83,251.42,252.33,24934000.0
2024-12-31,600519,1445.82,1465.42,1442.43,1444.42,3935400.0
